# from	to	version	name	size	sha256	url
af	en	2.0	lex.50.50.afen.s2t.bin	4082680	c1df823cdd116180ecb8c22b3a76e8f6cb7d0eb9df55363fa2f826e5c194134e	https://firefox-settings-attachments.cdn.mozilla.net/main-workspace/translations-models/20260831143425--ecb42e11-64df-4f45-9416-d328a21cc8f9--359df2ae-3ec2-4d87-9e1d-6aaa1741cd16.bin
af	en	2.0	model.afen.intgemm.alphas.bin	31561787	d43baa7ab565a6cdc2bc230a4ab6fcaf7b4a871e53e42cc7128e55871ef36086	https://firefox-settings-attachments.cdn.mozilla.net/main-workspace/translations-models/20260831143421--c2855f70-93d8-425e-a3de-75076ae8f8fe--bb7dcf31-5fc2-42ca-9d23-02185b3983ea.bin
af	en	2.0	vocab.afen.spm	809319	b103314260d3979df36ad51a51095d81f5b306619a2543451617959822edacda	https://firefox-settings-attachments.cdn.mozilla.net/main-workspace/translations-models/20260831143423--f2e6306f-edb5-4437-9b5e-b39058031644--62d1c1fc-9f29-4728-af8b-952b6357ef20.spm
ar	en	2.2	lex.50.50.aren.s2t.bin	4627200	4b45f14dbea40d368093a13563fc1ca48457ee70c1291c82b206f3baff210081	https://firefox-settings-attachments.cdn.mozilla.net/main-workspace/translations-models/856e509e-56c6-4b05-ab20-acd66650eaf0.bin
ar	en	2.2	model.aren.intgemm.alphas.bin	31561787	7b7af0282dc5f4d8805b9a298c2fa828967e3f09ca10f1942ebeea0b2cfc12fa	https://firefox-settings-attachments.cdn.mozilla.net/main-workspace/translations-models/d66f948a-452f-45d4-adc1-e9cb9acb8766.bin
ar	en	2.2	vocab.aren.spm	860035	51b4ee3f828d10015464523d0b4f5a6c086b0b2a9bde716a581001cf6c260366	https://firefox-settings-attachments.cdn.mozilla.net/main-workspace/translations-models/2dc6ab68-1f3e-4149-9c7c-d3dc1e6f70c3.spm
bg	en	2.0	lex.50.50.bgen.s2t.bin	4355920	e661dfdd88aa9ff9606f237a60c910d97c2e710960199589579f628c5d8aa899	https://firefox-settings-attachments.cdn.mozilla.net/main-workspace/translations-models/bb8b98f9-8067-442f-ae1c-d21a7182bc4d.bin
bg	en	2.0	model.bgen.intgemm.alphas.bin	31561787	78f7e6e1435cc2d4a29cf597f493187fe29ddb9ce9d3766c287e2e6d37052d01	https://firefox-settings-attachments.cdn.mozilla.net/main-workspace/translations-models/97fce537-11f0-4af5-a558-c314c9d25d09.bin
bg	en	2.0	vocab.bgen.spm	922482	4bafad5fcc0e771ed82233d1e99d69dcb96487b430702f7e688615c8a61f3df4	https://firefox-settings-attachments.cdn.mozilla.net/main-workspace/translations-models/747b9ae8-c42c-41a5-913c-704fde180308.spm
bn	en	1.0	lex.50.50.bnen.s2t.bin	4793596	aea901a6bd8722962551c0349b8570af684444028b62bbff465be9931e6e9800	https://firefox-settings-attachments.cdn.mozilla.net/main-workspace/translations-models/884d5a04-b0ff-4dc0-ba3d-efc1c57d1765.bin
bn	en	1.0	model.bnen.intgemm.alphas.bin	17141051	14c1d9e92918e8d04cb0ed351ae386c3b5d5c62a6dc601d9515f4c7e6c2a3a56	https://firefox-settings-attachments.cdn.mozilla.net/main-workspace/translations-models/6c82adc9-494b-4224-89c5-ef33c10ea569.bin
bn	en	1.0	vocab.bnen.spm	981300	8a6a4de992ccd47bae4227ec6420866374137d6cc88ed6e8b2f16b36322a9d37	https://firefox-settings-attachments.cdn.mozilla.net/main-workspace/translations-models/06c324a2-85e3-40ac-a03c-77cdb486a19c.spm
bs	en	2.0	lex.50.50.bsen.s2t.bin	5155408	dccff06320cb87aaa6f93c246038b453d0d0c6f47fa3acd1162f104ac6a2c43f	https://firefox-settings-attachments.cdn.mozilla.net/main-workspace/translations-models/20260522192433--2f4eb0c1-96df-44d5-b7f3-ec52d6d3d2f2--a1272b36-31bd-41d8-8159-994ef0f705e0.bin
bs	en	2.0	model.bsen.intgemm.alphas.bin	31561787	744c61ec0b987c44717f192fcebda7c2a1ac34f5cbfb56672771d28ff79c82c7	https://firefox-settings-attachments.cdn.mozilla.net/main-workspace/translations-models/20260522192428--78c62de4-11e5-438b-a1a9-9c0b4eb33192--d7ef50a6-9c81-40dd-be96-e5411313a545.bin
bs	en	2.0	vocab.bsen.spm	817335	320561e2cef014a6d626a64822add3a387c91f609f23ea3b7f421d194075c14c	https://firefox-settings-attachments.cdn.mozilla.net/main-workspace/translations-models/20260522192430--9d59f62b-d702-494e-a121-1c7c11d4345b--7a64c16b-712c-486f-88f2-58d9eb870dae.spm
ca	en	2.0	lex.50.50.caen.s2t.bin	4359552	74880047539925630601d61aa6c29a0672046236ca6cf33eeaf6f6f6690e914e	https://firefox-settings-attachments.cdn.mozilla.net/main-workspace/translations-models/99f40b15-343d-4210-887a-7c4388156868.bin
ca	en	2.0	model.caen.intgemm.alphas.bin	31561787	b7f9c70823052f60c257eb1c4eff893abea3648aa9d1c23c8774e1e5ef061434	https://firefox-settings-attachments.cdn.mozilla.net/main-workspace/translations-models/4b691a87-59f0-46e1-b609-fb6d687199f2.bin
ca	en	2.0	vocab.caen.spm	810273	6d22da90905873c2793d0805e34e5c27901b16e7e7a7a427696696f67dfe1f0e	https://firefox-settings-attachments.cdn.mozilla.net/main-workspace/translations-models/2a2ebc69-f213-4c69-8721-80ef9e6bc2e9.spm
cs	en	2.0	lex.50.50.csen.s2t.bin	4990588	eba6bd9575251525f1941640ea0b6527a06e72a46421579eafea04d635ee20a8	https://firefox-settings-attachments.cdn.mozilla.net/main-workspace/translations-models/5041825d-9867-42aa-a7ed-633b23912956.bin
cs	en	2.0	model.csen.intgemm.alphas.bin	31561787	c815273b31074492eaab0ccd78d33d7ac16f94088707ab2492abaedcb9ee0b75	https://firefox-settings-attachments.cdn.mozilla.net/main-workspace/translations-models/23af171d-0de1-4d96-a495-c9aa5a0b503d.bin
cs	en	2.0	vocab.csen.spm	815154	ee4b8ce15c8e1237c5f7a2d04741341beb0a5d5c09820f7ec08f13ee2b212755	https://firefox-settings-attachments.cdn.mozilla.net/main-workspace/translations-models/862ea69e-6c5e-4a6f-91a4-16d797f8c8aa.spm
da	en	1.0	lex.50.50.daen.s2t.bin	4489412	e5f50fba646e0d3cedf2957575aa84c3bdca6798ce32ccd63c956fc043d774a3	https://firefox-settings-attachments.cdn.mozilla.net/main-workspace/translations-models/f5eb2acc-9170-4ad6-9251-019dc107692a.bin
da	en	1.0	model.daen.intgemm.alphas.bin	17141051	2c1ace24220c905404bbb1de14bfeda8a391ef8d6c56f3b193a9d3e340d99b12	https://firefox-settings-attachments.cdn.mozilla.net/main-workspace/translations-models/80b27539-da6a-4e69-90b5-138975866a2d.bin
da	en	1.0	vocab.daen.spm	796018	b9392fcd9c53b802628d33a160f6eb52ca3d25a07ec9e015ab93b6bd5c7e8033	https://firefox-settings-attachments.cdn.mozilla.net/main-workspace/translations-models/492756d4-6932-4465-9ebf-dd402fb2e487.spm
de	en	2.0	lex.50.50.deen.s2t.bin	4945796	113b98460468360cca68c042e1cddf49c4e1931cbb975ed04349c9a3bd607010	https://firefox-settings-attachments.cdn.mozilla.net/main-workspace/translations-models/d0e4efcb-6145-43db-a69e-568904cc2925.bin
de	en	2.0	model.deen.intgemm.alphas.bin	31561787	3e6f7c2c2425d10824797270b382bee718ff34af2cab9308841c82ca46dc6f20	https://firefox-settings-attachments.cdn.mozilla.net/main-workspace/translations-models/f44b1b1b-9df6-4ece-971e-0e5ce96fae54.bin
de	en	2.0	vocab.deen.spm	810073	69f730becafa48e3bb2c244eab66456877c08959a02f2bd5519b5a3088b62f9c	https://firefox-settings-attachments.cdn.mozilla.net/main-workspace/translations-models/8ad4d93e-21e6-4862-81d5-c1c3a7d0767b.spm
el	en	1.1	lex.50.50.elen.s2t.bin	4295860	2c969b069b3d230feddd17db2d74eb658a9b33b960d2d40adbca5496c9784e85	https://firefox-settings-attachments.cdn.mozilla.net/main-workspace/translations-models/2a3b9057-540f-480b-934f-60e0833f0b87.bin
el	en	1.1	model.elen.intgemm.alphas.bin	17141051	0a43c3716156061494d995d0c88113e789f8d919e0c88a15bc1ad360e0482a8c	https://firefox-settings-attachments.cdn.mozilla.net/main-workspace/translations-models/027aaa60-3ef8-437d-a9d2-fb6b801e72a4.bin
el	en	1.1	vocab.elen.spm	894960	e1a1298cc2cf3968f3d7cc3b36bc463a4e1bf154272e8fb2f15142b54edc4349	https://firefox-settings-attachments.cdn.mozilla.net/main-workspace/translations-models/423d004f-9f48-46a0-b320-1d8456cbdc63.spm
en	af	2.0	lex.50.50.enaf.s2t.bin	3193340	591e3465c6e5e8920e911cae36e1d92c61abe92b2d5ef9bf2f1d8b5825bba20f	https://firefox-settings-attachments.cdn.mozilla.net/main-workspace/translations-models/20260831143334--a5b4cc20-b5f5-4af7-aaf2-604612bdf57e--9c2f64d1-8eb1-4dd3-96d1-aff79842bc26.bin
en	af	2.0	model.enaf.intgemm.alphas.bin	31561787	afc1dcb25774e61f513fe722e037744a18c23063ba799bb01f5cdec5cc79b502	https://firefox-settings-attachments.cdn.mozilla.net/main-workspace/translations-models/20260831143343--ff4582bd-2cc8-4b84-856c-c34434d8c376--bf1692b0-711d-4a8f-a4bb-6dbbf570312c.bin
en	af	2.0	vocab.enaf.spm	809195	8d19c43df2142696227eb3462c6693bbc8c62cbd47b9a7372f86df2698864438	https://firefox-settings-attachments.cdn.mozilla.net/main-workspace/translations-models/20260831143345--ec36146d-a3db-4fea-a08f-b9af89bd9789--2a0374f0-4539-4477-ad1e-642dc951f217.spm
en	ar	2.2	lex.50.50.enar.s2t.bin	3139692	2b7194817c5dd9225ca90c0d908cc92e1d6d1f45625781a5feb037ac568d6a61	https://firefox-settings-attachments.cdn.mozilla.net/main-workspace/translations-models/d821aec4-485b-4747-b643-6e63cda5117d.bin
en	ar	2.2	model.enar.intgemm.alphas.bin	31561787	ae659d7045fc2e5d6ba50583586a5d94ee4358d92c019847e37b57a0e627faa8	https://firefox-settings-attachments.cdn.mozilla.net/main-workspace/translations-models/e282aa49-a77e-466e-b1b7-f98f34a9ea58.bin
en	ar	2.2	vocab.enar.spm	863591	8d93c54aa5e2044c416ec680b5ff9af0227bd698521666e8b1a1ea1b041fbae8	https://firefox-settings-attachments.cdn.mozilla.net/main-workspace/translations-models/793d9667-7929-4375-855d-96bbed2f113d.spm
en	az	1.0	lex.50.50.enaz.s2t.bin	3332384	f87f5de2674cf48562df60843a658e0000bedfd75aa8ffa5e251e2cb1321f255	https://firefox-settings-attachments.cdn.mozilla.net/main-workspace/translations-models/8b7460cc-c1d2-47cb-8fd0-884d7f16d6b0.bin
en	az	1.0	model.enaz.intgemm.alphas.bin	17141051	9c87aa09ff4f81c320993fe412624ca3584fe9ccf5371247d64f1117dffcf168	https://firefox-settings-attachments.cdn.mozilla.net/main-workspace/translations-models/caf9be8c-0650-4f5d-b353-1e20817c91db.bin
en	az	1.0	vocab.enaz.spm	835729	afc1f4d7d20cd04addd3bc605acfdb83afbf62fb76d1a6bbc94cf42bf0286108	https://firefox-settings-attachments.cdn.mozilla.net/main-workspace/translations-models/c4842ab3-371d-4752-8d8c-9a54ed6944f7.spm
en	bg	2.0	lex.50.50.enbg.s2t.bin	3075948	93d4ca4412db269cc4164cbfa04c08edd0f65690c8264d6215a0522d4a13ec1a	https://firefox-settings-attachments.cdn.mozilla.net/main-workspace/translations-models/934075f0-9235-4921-964c-3de9d19d904b.bin
en	bg	2.0	model.enbg.intgemm.alphas.bin	31561787	e2b30db98ac6706efc893067a74e51f36f015a8f820fe8a4f0f5052fa6a22f30	https://firefox-settings-attachments.cdn.mozilla.net/main-workspace/translations-models/d6370002-bed8-4add-bf86-50f1ab67e6d6.bin
en	bg	2.0	vocab.enbg.spm	922482	4bafad5fcc0e771ed82233d1e99d69dcb96487b430702f7e688615c8a61f3df4	https://firefox-settings-attachments.cdn.mozilla.net/main-workspace/translations-models/a8ce512a-c98e-4ec3-83f4-10b1b91c75c2.spm
en	bn	1.0	lex.50.50.enbn.s2t.bin	3207488	74ad4234a0a9cf57b21d99b34fefc14f7c731d7e76da7940eb0155c13a234b5e	https://firefox-settings-attachments.cdn.mozilla.net/main-workspace/translations-models/e9b2433f-8399-4384-a6e6-6fd503486072.bin
en	bn	1.0	model.enbn.intgemm.alphas.bin	17141051	b63c8d5f8fdc1fcb8bbb2d20c751faab94af67ee1822427665119c93a11f6596	https://firefox-settings-attachments.cdn.mozilla.net/main-workspace/translations-models/9a2075cf-632f-4ecb-80ab-3d35a0e400d3.bin
en	bn	1.0	vocab.enbn.spm	981226	8895bebb290adc2a5ef46710d81be13d341883a8c6c233e0c060f968df0deef4	https://firefox-settings-attachments.cdn.mozilla.net/main-workspace/translations-models/63327f5f-9489-4757-a90a-a0f2b43f78e1.spm
en	bs	2.0	lex.50.50.enbs.s2t.bin	3214628	6847523f4d5df9425cda606e73f404c07e19452dac7659bdcc92743c46cba3c0	https://firefox-settings-attachments.cdn.mozilla.net/main-workspace/translations-models/20260522192529--bc21738d-bea2-4e66-bc44-e61cdf5e396d--0682af00-d069-4865-a5fc-e4871dec96b6.bin
en	bs	2.0	model.enbs.intgemm.alphas.bin	31561787	27575113fffad6c45a0bad36bd1823c4f319ed30f65ec134815b67bdae0d9f8d	https://firefox-settings-attachments.cdn.mozilla.net/main-workspace/translations-models/20260522192526--41a84edd-7e70-4a36-ba50-0f544acfb51d--f2daa80a-0ee1-4e4e-956f-f89b512c8e2a.bin
en	bs	2.0	vocab.enbs.spm	823444	dfed9c3e08e85a22feac7748a20fa981dca94f358115af2f45d704b9cc944cc8	https://firefox-settings-attachments.cdn.mozilla.net/main-workspace/translations-models/20260522192531--fa88b6e0-55a7-4b12-b71e-5c1c6f29d23a--c3539411-be49-4b90-a2ac-79db102c8bc0.spm
en	ca	2.0	lex.50.50.enca.s2t.bin	4344092	8f2151a7fb75454f5167a8df8758ec02ab02c0302893851bad7caa6b729822fb	https://firefox-settings-attachments.cdn.mozilla.net/main-workspace/translations-models/d2065bc0-e4bf-4810-a0cf-a0cd1163b3c0.bin
en	ca	2.0	model.enca.intgemm.alphas.bin	31561787	735881c99ff303e55eb2e92a3b86762523d5dd1a4797b2574b851062051426ee	https://firefox-settings-attachments.cdn.mozilla.net/main-workspace/translations-models/deeec29e-faaa-4273-bef6-2827edf193f6.bin
en	ca	2.0	vocab.enca.spm	810653	64ebcb5f6cb5a954ced615e48a44a85e77a644e4910544014b299b8ee0fa1b1f	https://firefox-settings-attachments.cdn.mozilla.net/main-workspace/translations-models/6f3f4782-5c23-4f61-bcd5-3234441c59e6.spm
en	cs	2.0	lex.50.50.encs.s2t.bin	3572436	699b9b59fe3acbcddf831380024b2e139f2cbe225dce96d59ade2b159318f58b	https://firefox-settings-attachments.cdn.mozilla.net/main-workspace/translations-models/0b6ddbc2-b4cc-45a9-b2db-fe9369ad2064.bin
en	cs	2.0	model.encs.intgemm.alphas.bin	31561787	1d7855f91c3e2b8ef79fbea62707d46ceb8a1ad01834ef6dd500f32a7006cc2c	https://firefox-settings-attachments.cdn.mozilla.net/main-workspace/translations-models/6dc79644-4994-4816-8d12-418b11df69ff.bin
en	cs	2.0	vocab.encs.spm	815154	ee4b8ce15c8e1237c5f7a2d04741341beb0a5d5c09820f7ec08f13ee2b212755	https://firefox-settings-attachments.cdn.mozilla.net/main-workspace/translations-models/008ef5e3-4ba0-4d97-9dd6-5898c7348e28.spm
en	da	1.0	lex.50.50.enda.s2t.bin	3864788	d183786cae59a5df06d5b00c58e3ec2a5791d302240a65540fc6a1da2b66eada	https://firefox-settings-attachments.cdn.mozilla.net/main-workspace/translations-models/3ef0b3ec-7989-47b3-affb-7098159745a0.bin
en	da	1.0	model.enda.intgemm.alphas.bin	17141051	0157ed1162dd5a7a0fc6a3cc86014ec21cb47a8febf77164df24d8921270bb29	https://firefox-settings-attachments.cdn.mozilla.net/main-workspace/translations-models/b832f3bb-5961-4c78-93de-509b9c750abe.bin
en	da	1.0	vocab.enda.spm	795349	b06349522bf053e4a6f01efc4d1450e4fe35717a938a82831988c087229c9619	https://firefox-settings-attachments.cdn.mozilla.net/main-workspace/translations-models/8dbcff2f-5e41-4163-adc5-5e5caea9b675.spm
en	de	2.1	lex.50.50.ende.s2t.bin	4347672	7ed39f1cffbd68a27ddf05bbfe068de2060f1d7e69f1a20e27ae923551dd7393	https://firefox-settings-attachments.cdn.mozilla.net/main-workspace/translations-models/bc072b1a-7749-43f7-9fe0-34a6dff10c4a.bin
en	de	2.1	model.ende.intgemm.alphas.bin	31561787	8df29d9494d19f47fd5d97c6a73474c6f657e9f81c1a607c431d02befdf3810f	https://firefox-settings-attachments.cdn.mozilla.net/main-workspace/translations-models/23db71e7-b6d9-45eb-a47d-0290d7d8ef63.bin
en	de	2.1	vocab.ende.spm	810073	69f730becafa48e3bb2c244eab66456877c08959a02f2bd5519b5a3088b62f9c	https://firefox-settings-attachments.cdn.mozilla.net/main-workspace/translations-models/261225ea-5a52-455b-981c-7d09c6e6da3c.spm
en	el	1.0	lex.50.50.enel.s2t.bin	2856724	c2acd9241eb8a1e5b13a43efa5723628839d6e3b3dc7b93e2f20990a6ab81e24	https://firefox-settings-attachments.cdn.mozilla.net/main-workspace/translations-models/73568803-85e3-423a-8fb8-7f755a6ffed2.bin
en	el	1.0	model.enel.intgemm.alphas.bin	17141051	724b358d399c6b23444de36d76e9e2630c7024c29d9e617323b820a11631535a	https://firefox-settings-attachments.cdn.mozilla.net/main-workspace/translations-models/26dead91-e46c-442c-85d0-a6fe13fad55a.bin
en	el	1.0	vocab.enel.spm	896168	0ffc5569d7f400f03539c5fc3e28ff35f1d0381eba0ec866c44aef0c26f3ce5e	https://firefox-settings-attachments.cdn.mozilla.net/main-workspace/translations-models/79a76f88-a4c4-4b1d-b726-15c6a60bebcc.spm
en	es	2.1	lex.50.50.enes.s2t.bin	4198436	7d51237c0a07027dcd61643cfbbb0f8c48597d19907ef53d2cae9d6bec2cf25c	https://firefox-settings-attachments.cdn.mozilla.net/main-workspace/translations-models/1834a61e-0331-4c4a-bbc0-dda02afa8188.bin
en	es	2.1	model.enes.intgemm.alphas.bin	31561787	3b1c399511c01c84c36fae5c0524df44096288efdc8236e182b5c97d7ad2244c	https://firefox-settings-attachments.cdn.mozilla.net/main-workspace/translations-models/a4ba0e94-16de-4058-9a44-5bbbbb3c8640.bin
en	es	2.1	vocab.enes.spm	816054	5ae254fa9b15aa182e70fd2a6186b1333c63a29a48043a9224c6aa4fcac058ad	https://firefox-settings-attachments.cdn.mozilla.net/main-workspace/translations-models/170634fd-511a-4a28-b723-0a1025c67feb.spm
en	et	2.0	lex.50.50.enet.s2t.bin	3488368	259c60582f49449c226a6e5a369481c68322013f367e459e54c595686c05d4d8	https://firefox-settings-attachments.cdn.mozilla.net/main-workspace/translations-models/074d0851-cd04-4494-8037-ac14bab5663c.bin
en	et	2.0	model.enet.intgemm.alphas.bin	31561787	36bdc87f8d500861a5d286ebd3ea58df530da87e31b8a233f5e9c46c300c281d	https://firefox-settings-attachments.cdn.mozilla.net/main-workspace/translations-models/4c2378de-a52b-4773-9f1a-73ca396520e1.bin
en	et	2.0	vocab.enet.spm	817574	89a3deea4ae7d674fb46a4dae39135dd4dfaac9786f2868d0b5bc5c0aca2ef83	https://firefox-settings-attachments.cdn.mozilla.net/main-workspace/translations-models/957b94c4-d106-40b7-b4e2-176f2a923d32.spm
en	eu	2.0	lex.50.50.eneu.s2t.bin	3149580	a6a856a89acc6bbf970b6c5e51fe705bee6fe2b8007a3c31ae54ca2c6fd69aad	https://firefox-settings-attachments.cdn.mozilla.net/main-workspace/translations-models/20260522192543--c0d951c2-820d-42f1-9654-cd6318e04e81--c53edb46-65e3-4743-8dd0-987508c9b0d8.bin
en	eu	2.0	model.eneu.intgemm.alphas.bin	31561787	f28d03817b718806c9262e3d76960efb8cbd04d0721307c8e23edcae9364150a	https://firefox-settings-attachments.cdn.mozilla.net/main-workspace/translations-models/20260522192556--eab96ef5-5666-40b0-a384-68f0a8f364e2--31f6154b-707f-430a-9cfe-0084c1b6ad99.bin
en	eu	2.0	vocab.eneu.spm	820820	d0cbd7a04e20c3a45bcf29260967db26a97c4787c03a9d867df0465bc104cec2	https://firefox-settings-attachments.cdn.mozilla.net/main-workspace/translations-models/20260522192546--5f7809e6-5fdf-4f00-8540-6bf4060a8340--06a3091e-196c-429c-86a9-1f2151e9164e.spm
en	fa	1.1	lex.50.50.enfa.s2t.bin	3631332	8542e7fb2bfa3a11b89f8392b8adb0dbbf863cd34569488b7c4535a91c3ae6b4	https://firefox-settings-attachments.cdn.mozilla.net/main-workspace/translations-models/8ec72d9b-f5b6-40bd-a23d-cedb2c757e92.bin
en	fa	1.1	model.enfa.intgemm.alphas.bin	17141051	456ad3952bcc59d208c76baba4dcef340ee4239416bd760d6fec27f9a16228f8	https://firefox-settings-attachments.cdn.mozilla.net/main-workspace/translations-models/8e412aee-68b4-46cd-aa00-1e7357db24c1.bin
en	fa	1.1	vocab.enfa.spm	843133	6435d3d9d766159fe192ab90892540b438ad7adb7ab4ea4049f68d0b4cdea3bd	https://firefox-settings-attachments.cdn.mozilla.net/main-workspace/translations-models/203a10f4-6885-49c2-89e3-e7a4f3e3e738.spm
en	fi	2.0	lex.50.50.enfi.s2t.bin	3490092	26e95a87f87e4b0fa9a35524cf9fea691204504453877ba4ac81ccc66af1488c	https://firefox-settings-attachments.cdn.mozilla.net/main-workspace/translations-models/a32029c0-5216-49a3-ba89-8f48c29e7188.bin
en	fi	2.0	model.enfi.intgemm.alphas.bin	31561787	88b0caa4cc6980d632801cb2b1950748f1dc43ad2ac83678917ad86c720b5cdd	https://firefox-settings-attachments.cdn.mozilla.net/main-workspace/translations-models/b23aac5b-1f93-407d-be1a-aff19bcd86b4.bin
en	fi	2.0	vocab.enfi.spm	818770	6a866911427f2916609ae89c7f2f04a78de3fdd8aa183039ecba986635d4f246	https://firefox-settings-attachments.cdn.mozilla.net/main-workspace/translations-models/f98de766-1b61-4245-83f3-0d300232ebe4.spm
en	fr	2.0	lex.50.50.enfr.s2t.bin	4372936	2585ed98d3af0bc949865aedeb390493d591f56870814376e73e4144c41ed059	https://firefox-settings-attachments.cdn.mozilla.net/main-workspace/translations-models/293d1823-ff05-48c9-837b-cff8fd33f197.bin
en	fr	2.0	model.enfr.intgemm.alphas.bin	31561787	6322e296d4fecfe395a8d5723da4ec37ecbe6d7613bb1dfcf4b28e2a47498b68	https://firefox-settings-attachments.cdn.mozilla.net/main-workspace/translations-models/e0d7f3ee-163a-4b0a-8e44-8b208b39477d.bin
en	fr	2.0	vocab.enfr.spm	814404	783abf3abe075afdf8d85d233994bef2c3a064e935ab1bed946820aff6ac002a	https://firefox-settings-attachments.cdn.mozilla.net/main-workspace/translations-models/c7c1bcf3-71f6-425a-a6ed-403bd9a0a759.spm
en	gl	2.1	lex.50.50.engl.s2t.bin	3007680	28621d3797a945ca0112c872640686586e77957b5421b0ef95886806b09d8874	https://firefox-settings-attachments.cdn.mozilla.net/main-workspace/translations-models/20260603153847--5503a4ee-15d9-4cc0-ab84-33de89e97ab1--910f6134-7bea-4a7e-beab-00bc391e7ebd.bin
en	gl	2.1	model.engl.intgemm.alphas.bin	31561787	bec08e5408932c3813ccfb565ab7003d334dd6ca148c9d2bd074e17b8c0be1b1	https://firefox-settings-attachments.cdn.mozilla.net/main-workspace/translations-models/20260603153845--3408c3e9-a4a9-4eb6-b791-e8bb0dde1d51--9d656b6e-0c5e-43a7-8cc3-367c0befe133.bin
en	gl	2.1	vocab.engl.spm	827026	da044600f961c4c977e747cc9fb8afd4c05829629033d344a575a93807ea1cba	https://firefox-settings-attachments.cdn.mozilla.net/main-workspace/translations-models/20260603153833--30d1a7a7-1b42-43a2-8df8-0accf391ff1b--88306c26-9356-4156-827b-4efd76343d52.spm
en	gu	1.0	lex.50.50.engu.s2t.bin	3179500	5699d5f0f6265766c57e8e860596091d16a7ea68e9e181a3310b8b52d79f8b5e	https://firefox-settings-attachments.cdn.mozilla.net/main-workspace/translations-models/5b0e3636-9bdd-4997-9a67-7eb67308e22d.bin
en	gu	1.0	model.engu.intgemm.alphas.bin	17141051	0f2c8bc7f13ecb9b89459e8fd9af6d8736e0f6b1c8f8a80f747fcdc030d0a588	https://firefox-settings-attachments.cdn.mozilla.net/main-workspace/translations-models/a2576987-0797-4a60-a266-5f155d067135.bin
en	gu	1.0	vocab.engu.spm	965095	74ce11b041bfc527eedded78594498419c781c81a3fcb3384a3485af70cc2325	https://firefox-settings-attachments.cdn.mozilla.net/main-workspace/translations-models/1aca3a35-aa44-4893-a1da-355b5a4108bf.spm
en	he	1.0	lex.50.50.enhe.s2t.bin	3066048	8795f4c5e19b4a196c9ed394c275a28a09e5ddbbf47ae16faa4446bf2b8bc7d9	https://firefox-settings-attachments.cdn.mozilla.net/main-workspace/translations-models/31eb1832-fdd0-41f2-91f6-355866dd4232.bin
en	he	1.0	model.enhe.intgemm.alphas.bin	17141051	e37ac6e6f131704c85deb94a657aa20afbb44db2879f44aec9c33a34f4467587	https://firefox-settings-attachments.cdn.mozilla.net/main-workspace/translations-models/507ad0e2-1a10-419f-867c-04bb09c4566b.bin
en	he	1.0	vocab.enhe.spm	845017	672b334afa84011200fdaee02c2fc7810910c35ae9ea7619be073c851703ce9e	https://firefox-settings-attachments.cdn.mozilla.net/main-workspace/translations-models/bf209be5-23fb-476e-91dc-ad902de664a1.spm
en	hi	1.0	lex.50.50.enhi.s2t.bin	3504820	b473f6fe41cdb7c1dbeeb714fc50314feab77b0af2b2da6f7830ee14492dd847	https://firefox-settings-attachments.cdn.mozilla.net/main-workspace/translations-models/e69b3f71-49b1-4e61-83f5-2abf46666476.bin
en	hi	1.0	model.enhi.intgemm.alphas.bin	17141051	18682fa6aa1c1b2f78a6fcbcb354755094d623e65436ef7821720c5213e11a49	https://firefox-settings-attachments.cdn.mozilla.net/main-workspace/translations-models/32ad63e2-0283-4c87-8fa8-d843c322c87b.bin
en	hi	1.0	vocab.enhi.spm	925360	8017cbf812bae400794c424699b89de90db06ac7a4ca67a420013a9f68b270c1	https://firefox-settings-attachments.cdn.mozilla.net/main-workspace/translations-models/5d4cb145-1f61-4913-973f-d7643c06b917.spm
en	hr	1.0	lex.50.50.enhr.s2t.bin	3319896	b811d67aca11e12e6bd956c1b4a1e74c6162d71e9ac259bfff415fbb90c3f666	https://firefox-settings-attachments.cdn.mozilla.net/main-workspace/translations-models/9d7acc73-dba2-4d5e-9e6b-3b58a6ef6a27.bin
en	hr	1.0	model.enhr.intgemm.alphas.bin	17141051	29ba32235778da3e38cfeb0d7f36eaf8dc37c961ff8651d86f7cae7e29e97d88	https://firefox-settings-attachments.cdn.mozilla.net/main-workspace/translations-models/08947d77-90d5-40ef-a896-560e7cf3c0c7.bin
en	hr	1.0	vocab.enhr.spm	796935	7b75fe5ee12743c787a393489d8810adc3ca6cefe0142e8993227dd125d224b3	https://firefox-settings-attachments.cdn.mozilla.net/main-workspace/translations-models/15b77cc4-84ff-47c2-b54c-6075910ef1ce.spm
en	hu	2.1	lex.50.50.enhu.s2t.bin	3419024	b1c9763567bfa24082fee43a9c4cc05b8ceada949fa52f6686b11f70ce481238	https://firefox-settings-attachments.cdn.mozilla.net/main-workspace/translations-models/20260831143554--213b291c-d628-4fed-a285-0331287508ef--ed861d94-a183-4994-9db7-32eb890e797d.bin
en	hu	2.1	model.enhu.intgemm.alphas.bin	31561787	0c42f56edca74b3f732a74c64553c47d0005b50cf095f43024601985fab5d461	https://firefox-settings-attachments.cdn.mozilla.net/main-workspace/translations-models/20260831143551--daed5bc9-2f4d-42c9-9762-4fbedec7ca80--a6957748-3ebd-4d43-82c0-ab7e7ad3e67d.bin
en	hu	2.1	vocab.enhu.spm	832855	8c3038afc15c5a3f7bb3c6fc4c4962907632b6f6d0ce7444974504bef19ef57b	https://firefox-settings-attachments.cdn.mozilla.net/main-workspace/translations-models/20260831143546--2ab0221b-e8b4-4784-a6bd-ee4ae4344c35--d6f29656-f614-49c1-ad8d-75076a588832.spm
en	id	1.0	lex.50.50.enid.s2t.bin	3515428	d37f72bcab6e7bc52fd223350f95521b5810bb2486a97275f86077988fced3f4	https://firefox-settings-attachments.cdn.mozilla.net/main-workspace/translations-models/a9610c56-2593-4513-b4ac-954276327788.bin
en	id	1.0	model.enid.intgemm.alphas.bin	17141051	f81f13eef703a4e0650ffc3138a0f4bab7b6c8bfd173ef1b7bda68d16b8bc7e8	https://firefox-settings-attachments.cdn.mozilla.net/main-workspace/translations-models/0d494914-73de-49af-804a-a4bd443f0554.bin
en	id	1.0	vocab.enid.spm	773211	61bc7db24d3b6de638a02a280580a273fe0c942ecbe8a8204b2f81978211db22	https://firefox-settings-attachments.cdn.mozilla.net/main-workspace/translations-models/6c49d51b-167b-4bdc-aab8-2abe32105529.spm
en	is	2.0	lex.50.50.enis.s2t.bin	3837564	4927d2bed702141b4ddd8a5e7034b27fb17312fdb7e3cc5f455ccf2e2f6670e0	https://firefox-settings-attachments.cdn.mozilla.net/main-workspace/translations-models/f166d353-90b1-4ae7-adc7-c4fdc44744a5.bin
en	is	2.0	model.enis.intgemm.alphas.bin	31561787	459626236a49158aa555facd23e5f594e2f8416f4ebad32e0548af94c5b1ae0c	https://firefox-settings-attachments.cdn.mozilla.net/main-workspace/translations-models/6fc94b8f-3dfd-4c2c-8d11-df3d07e0cfba.bin
en	is	2.0	vocab.enis.spm	809991	61b2ea10edbe4cc61e36c833cacc2f55778ed9ca860cd382729060634d4b0adb	https://firefox-settings-attachments.cdn.mozilla.net/main-workspace/translations-models/8e36da15-fa26-4ae3-a661-e6f5f92e8ff4.spm
en	it	2.1	lex.50.50.enit.s2t.bin	4133192	8b21914804625b2777dae7fdb636eb78f02a3eb8b7bceaa50f29ac740961da93	https://firefox-settings-attachments.cdn.mozilla.net/main-workspace/translations-models/3730ff60-2291-4c87-888d-2dc4593b20db.bin
en	it	2.1	model.enit.intgemm.alphas.bin	31561787	248f47568788ecc351da7e5e07064d4153b4f71e011364ae2c931ffeec4d1cc2	https://firefox-settings-attachments.cdn.mozilla.net/main-workspace/translations-models/29ae0d70-5e37-49e8-8da6-3e2c58da61d1.bin
en	it	2.1	vocab.enit.spm	812724	3ef0211d4ae6db21440892f180f2019fe2bfc110a330ffa9d2eca9665e4f2bc5	https://firefox-settings-attachments.cdn.mozilla.net/main-workspace/translations-models/d9d5ffa9-b919-4491-9ab6-3dec34459768.spm
en	ja	2.3	lex.50.50.enja.s2t.bin	4128360	edfb7eb47b98a2689b804ab3614c31b24f1257aa54b1154da3d85e1ae8152d9f	https://firefox-settings-attachments.cdn.mozilla.net/main-workspace/translations-models/87258444-8fac-4d3c-a175-9275e9d10ffa.bin
en	ja	2.3	model.enja.intgemm.alphas.bin	43849787	59ae659f9bb63e4f81f474fe3c03d3f4499434b5f9e779fab7c12a45f31fd562	https://firefox-settings-attachments.cdn.mozilla.net/main-workspace/translations-models/4e19636e-4644-4072-8a05-9ef695d4a3ae.bin
en	ja	2.3	srcvocab.enja.spm	796275	970c98d174fc01e0339fbabbf45af36a4be3f26f819ec1a5ea1189f71e091889	https://firefox-settings-attachments.cdn.mozilla.net/main-workspace/translations-models/cdea5422-fe0d-4941-a653-ca090423e8f8.spm
en	ja	2.3	trgvocab.enja.spm	827144	3b3d9f8f3a034d98d0a476f1794fa79c01e4e98a967ceb6777a66ba2d03ec1e1	https://firefox-settings-attachments.cdn.mozilla.net/main-workspace/translations-models/5c1a663f-5736-4100-b681-c6737fe79cb5.spm
en	kn	1.0	lex.50.50.enkn.s2t.bin	2808304	94b660f37c9c29a904b48498a7202846faaeef16f30668f356336c29cefc0f63	https://firefox-settings-attachments.cdn.mozilla.net/main-workspace/translations-models/a77bf1a9-68fc-4331-8b9d-9cb918ff0e8b.bin
en	kn	1.0	model.enkn.intgemm.alphas.bin	17141051	17a5ddc86e24f62c04aa15272930275812b5c1674bec50a877528680d5834d2d	https://firefox-settings-attachments.cdn.mozilla.net/main-workspace/translations-models/5f0a491a-4a14-4591-b1a6-0a442f4e5ad5.bin
en	kn	1.0	vocab.enkn.spm	1065180	1d41f1f6b67a8c29fa3aabbc7758b766bdd9acdbeec7d1277ab60c8e492c8b7a	https://firefox-settings-attachments.cdn.mozilla.net/main-workspace/translations-models/5999f7f2-21e7-439e-bf95-f8a1926ea499.spm
en	ko	2.1	lex.50.50.enko.s2t.bin	6449612	96efba97d4bb93ab362e5569bea0f115184d2f68d63b67305ee663c18e32fbeb	https://firefox-settings-attachments.cdn.mozilla.net/main-workspace/translations-models/85738400-bea4-4284-ba4c-e47e465f5331.bin
en	ko	2.1	model.enko.intgemm.alphas.bin	43849787	ffe5ef2ce3f2e944055e35310bab186f6a70d533a0ee4394adf716a0e383afbb	https://firefox-settings-attachments.cdn.mozilla.net/main-workspace/translations-models/29e88605-8576-4a8e-be94-a5ebb4a738f7.bin
en	ko	2.1	srcvocab.enko.spm	791280	8d4e3141868efd410eb86c2b60d41aa6bc6b46e4c4b2c0b85e3792493c69d802	https://firefox-settings-attachments.cdn.mozilla.net/main-workspace/translations-models/3d9dfbda-cd4f-445e-a69b-19e21e071385.spm
en	ko	2.1	trgvocab.enko.spm	815353	2ece21b28dd7022d36127d17423a74dabf544787dfc1cf614f7b565f93a4a1d3	https://firefox-settings-attachments.cdn.mozilla.net/main-workspace/translations-models/bef3bc40-bc91-4739-981d-c82a9d22fd31.spm
en	lt	2.1	lex.50.50.enlt.s2t.bin	3421640	5972c834218c7beea241dc8fe77c2e577a8d8b4eb3d3dc286d10ad890c64d374	https://firefox-settings-attachments.cdn.mozilla.net/main-workspace/translations-models/20a0b36e-ed89-40fd-be51-b1badb85100c.bin
en	lt	2.1	model.enlt.intgemm.alphas.bin	31561787	d27c676d9d761c2abfffec83956e32b2923f3f745b56acdbd84c49d888cdc94e	https://firefox-settings-attachments.cdn.mozilla.net/main-workspace/translations-models/15cfcaf2-881d-4b3e-94de-7b508c001c7e.bin
en	lt	2.1	vocab.enlt.spm	806827	5d38fe70ff4a50368af756b715b69519c9ee064c27cbceeabc90d4e1a10f25a8	https://firefox-settings-attachments.cdn.mozilla.net/main-workspace/translations-models/72ab709b-d7ed-432e-9104-4424bbd2da2e.spm
en	lv	2.1	lex.50.50.enlv.s2t.bin	3359096	d54b9bc278558444c5c25df5ae7339b73eee55cf79705f19fec672b6d55d959c	https://firefox-settings-attachments.cdn.mozilla.net/main-workspace/translations-models/a53e1550-53ca-42ed-9c43-a9938ff1d16c.bin
en	lv	2.1	model.enlv.intgemm.alphas.bin	31561787	715f9f444dffa0b39e71955c28bffd30afa4cc8300a192ec8fabb766cc5ba11d	https://firefox-settings-attachments.cdn.mozilla.net/main-workspace/translations-models/658c63b1-d9b4-45dc-b250-47f9c33c8455.bin
en	lv	2.1	vocab.enlv.spm	816287	63146b49ce46ba1283b6956e38efdd4899d1a409cad9d2b6a06cbd4e32ca0808	https://firefox-settings-attachments.cdn.mozilla.net/main-workspace/translations-models/da291a80-d6f6-4511-a5ed-1c78f27e2650.spm
en	ml	1.0	lex.50.50.enml.s2t.bin	2532960	4a37286742244a130548b79823c9707bc0e56f373361e2cb56402f82e862c2b0	https://firefox-settings-attachments.cdn.mozilla.net/main-workspace/translations-models/2de144bc-7239-482c-9df0-f5c3135a7e6d.bin
en	ml	1.0	model.enml.intgemm.alphas.bin	17141051	c461749c8315f6417104cf4df32e5063e86cb101203f9629512294c1c8ab5337	https://firefox-settings-attachments.cdn.mozilla.net/main-workspace/translations-models/061d2693-671d-448f-87a7-7fe7c2332180.bin
en	ml	1.0	vocab.enml.spm	1109000	8282614894087e4ffab325cbdb3aeeba35677f770ef8f253c189b392fe1f4d52	https://firefox-settings-attachments.cdn.mozilla.net/main-workspace/translations-models/8bd87d61-2179-402f-b6c4-314a3e750812.spm
en	mr	2.0	lex.50.50.enmr.s2t.bin	2731352	5f343589941c5445e9c27ee2d5329b6da65867590a4df79c09532aeef379bca9	https://firefox-settings-attachments.cdn.mozilla.net/main-workspace/translations-models/20260824134731--2fae9b1a-4df4-479a-98b9-714e86c3847e--a7a45cf5-8b2a-4bea-9dfc-d6e85af5fad8.bin
en	mr	2.0	model.enmr.intgemm.alphas.bin	31561787	1520f77c2f1c703b6148e4452b376ac28aec1e63c467eedec8a986864827ce8c	https://firefox-settings-attachments.cdn.mozilla.net/main-workspace/translations-models/20260824134729--07838b7f-0536-4c3f-8315-d68b59e31267--2df02735-8195-4429-8849-e0b52b633b74.bin
en	mr	2.0	vocab.enmr.spm	1009700	f71f279069e19a9a9317fd4fcbdffa6b2c621ee6fcaa369a92046fb7fb572735	https://firefox-settings-attachments.cdn.mozilla.net/main-workspace/translations-models/20260824134722--c5f546d6-9229-457d-aed8-2d36f9abc6d0--2605c853-2e7d-4ea1-88fb-ed24c86c1117.spm
en	ms	1.0	lex.50.50.enms.s2t.bin	3936428	be8fec4866c9ed2cf669adaea2e259c4c22f34838032eb0ee117c10fcb968c4c	https://firefox-settings-attachments.cdn.mozilla.net/main-workspace/translations-models/2db20d9c-6a6c-4d0a-b909-1763b402e064.bin
en	ms	1.0	model.enms.intgemm.alphas.bin	17141051	3d6961462ffa711413d513624d7e6399b3560c2b0994daa73b0a45699e657af8	https://firefox-settings-attachments.cdn.mozilla.net/main-workspace/translations-models/c389f1da-0c97-47d5-adc3-6ceaa0c4af07.bin
en	ms	1.0	vocab.enms.spm	802440	c1f182330fb8c80778da36dd6e5bde59464db2390f623ea62817081cc759695a	https://firefox-settings-attachments.cdn.mozilla.net/main-workspace/translations-models/136a7b29-aea9-483d-b96d-2683a55ecdb3.spm
en	nb	2.0	lex.50.50.ennb.s2t.bin	4234572	0780a1659ef460864ba92da6d58ca6f9056fb8ec8be507c189aeb25ce23e429f	https://firefox-settings-attachments.cdn.mozilla.net/main-workspace/translations-models/20260522192641--2b4cba8d-58c6-4a21-8352-9b041654d010--02a468ad-759c-40b0-ba2e-ef68bd2bfd3d.bin
en	nb	2.0	model.ennb.intgemm.alphas.bin	17141051	78429eb7f544361061c9d9ec2f0872adf30b76e4c9ef3dbaab1210a0f2aa19b5	https://firefox-settings-attachments.cdn.mozilla.net/main-workspace/translations-models/20260522192648--58c9706b-c41c-4717-813b-a1140166c93c--2253e5e8-c1f4-4bed-8046-4054e5315ba3.bin
en	nb	2.0	vocab.ennb.spm	802190	cad75f2c3eccb9545b571ca32f235e6ffaae6d8a77bfa808cf8068948c421f10	https://firefox-settings-attachments.cdn.mozilla.net/main-workspace/translations-models/20260522192642--b1c57385-f3cf-4e06-a95c-3fa639f9bdcb--0f8e2778-c18e-47ac-9d85-21d991acc7c4.spm
en	nl	2.1	lex.50.50.ennl.s2t.bin	4030624	bb4922718f8ca6d746ad090c0a88110a664dc050ee3f311bce33698b4e1679e9	https://firefox-settings-attachments.cdn.mozilla.net/main-workspace/translations-models/c1f02d64-5e29-4181-b85a-0f70a9ac1c70.bin
en	nl	2.1	model.ennl.intgemm.alphas.bin	31561787	7e8402da61972dc2fdcf7147c7f1e12f7916a6d9349514ee7a731288357575a9	https://firefox-settings-attachments.cdn.mozilla.net/main-workspace/translations-models/f0f9326d-b77a-4c9f-92ac-2c9bc62e16bc.bin
en	nl	2.1	vocab.ennl.spm	807708	c09588ca5662b230ed65bd39a07f58d9f7dd21c3a19e4aeb1bff39bf3b297c56	https://firefox-settings-attachments.cdn.mozilla.net/main-workspace/translations-models/aea15ce7-3431-4186-b922-29b3f5d687ee.spm
en	pl	2.1	lex.50.50.enpl.s2t.bin	3540052	d7d7b364673f633763c9f8f2e8ee9c7a184e92f4086e8b84abe870a2a8dbe5d5	https://firefox-settings-attachments.cdn.mozilla.net/main-workspace/translations-models/12451e17-4901-4327-b78d-903e9ff7529d.bin
en	pl	2.1	model.enpl.intgemm.alphas.bin	31561787	b0b59716bcc8f46b8dc6ab5c32a2732acaad42a5a6d9ae9b472526a1bb0d71d4	https://firefox-settings-attachments.cdn.mozilla.net/main-workspace/translations-models/640bd7ef-a977-417f-903c-00b5217cb7de.bin
en	pl	2.1	vocab.enpl.spm	821612	2000f182efa8ce5f69bc3f9e574666b5bc2c0af684eedd32f69d15aa9021ea85	https://firefox-settings-attachments.cdn.mozilla.net/main-workspace/translations-models/dd8a3019-bd2f-405e-b95d-0cce7a29be2d.spm
en	pt	2.1	lex.50.50.enpt.s2t.bin	3970340	ccb4c31c9e1899d77a200e71a86958e6ef6c8649627d0bbf3f873b57d9f236bd	https://firefox-settings-attachments.cdn.mozilla.net/main-workspace/translations-models/c4192576-e76a-4edc-9346-1f90af10f6ae.bin
en	pt	2.1	model.enpt.intgemm.alphas.bin	31561787	07892fd2544ee79dcb643615d8f2debb9793fae16842e87c328e27a3dd26a770	https://firefox-settings-attachments.cdn.mozilla.net/main-workspace/translations-models/357d1004-e004-4f93-bbb5-b6b90641e9b4.bin
en	pt	2.1	vocab.enpt.spm	816726	d9f46182823d5bbc84201252b2dfcac28f63e561f0ec827ed858f241864c9def	https://firefox-settings-attachments.cdn.mozilla.net/main-workspace/translations-models/e5688e52-a5c1-458b-9dbb-459fdcec0b7d.spm
en	ro	1.0	lex.50.50.enro.s2t.bin	3739880	508bce64a8bc906a99043ad2f4855b4662e06f8827c1c6a75ab83181b4f17f81	https://firefox-settings-attachments.cdn.mozilla.net/main-workspace/translations-models/0b9db082-327d-4ab0-bad6-17e7631ec163.bin
en	ro	1.0	model.enro.intgemm.alphas.bin	17141051	aa98c415e5beb1c5ee2f7d2508a3bbba949be223d7d9e5e1788ad0ae8598dda5	https://firefox-settings-attachments.cdn.mozilla.net/main-workspace/translations-models/f12620b2-d705-4d7a-82e0-e16f0aa29d74.bin
en	ro	1.0	vocab.enro.spm	801522	d89eedf6cbbcb30d7ed4b0b092189196ac2b010ec0c3ede33a6676b17ea1c95e	https://firefox-settings-attachments.cdn.mozilla.net/main-workspace/translations-models/41f055b0-76a8-4dae-a18c-44d8c1293bf0.spm
en	ru	2.1	lex.50.50.enru.s2t.bin	2774540	4d91839726b960e70b6d05c53d0cffd16262832b1c0e1ea99d66f412dcc6a239	https://firefox-settings-attachments.cdn.mozilla.net/main-workspace/translations-models/e88cc45c-0e0b-45d3-a957-8d1ba3a9b5aa.bin
en	ru	2.1	model.enru.intgemm.alphas.bin	31561787	184cb5cda528eeefc0f75f5d0035d787b71d74af135e3c5608d01ae02ecfb920	https://firefox-settings-attachments.cdn.mozilla.net/main-workspace/translations-models/db6b48bb-b563-4ea1-bbf4-b033fa9cc482.bin
en	ru	2.1	vocab.enru.spm	904455	56ee63e14e8cb926c394242adc3ed7cc602644c3d33058cff2ce2959d52a6258	https://firefox-settings-attachments.cdn.mozilla.net/main-workspace/translations-models/568807dd-9620-4c4d-a0b5-d651d64c0ab0.spm
en	sk	2.1	lex.50.50.ensk.s2t.bin	3356348	f3d1aec4ee5246d6a6ee5dc7ed4c6b18f6071c7baca69bf1344aef675b95515d	https://firefox-settings-attachments.cdn.mozilla.net/main-workspace/translations-models/f6894c37-5ceb-4f57-82f3-9fa8ece22eaa.bin
en	sk	2.1	model.ensk.intgemm.alphas.bin	31561787	e33af359fd58c8958104b1b74b3ea302800ccba2f125c1629e09d7f9dd9a3804	https://firefox-settings-attachments.cdn.mozilla.net/main-workspace/translations-models/12877c48-8898-4f14-bae8-ef4cf35a54c8.bin
en	sk	2.1	vocab.ensk.spm	808888	cfa6a9e601d74686b117f041eb1ad9de94c34219110b67367d570a9e27026a46	https://firefox-settings-attachments.cdn.mozilla.net/main-workspace/translations-models/eabd7f47-1ca3-45a4-b04d-45b9a3e05ec0.spm
en	sl	2.1	lex.50.50.ensl.s2t.bin	3428300	2190798297bc12505f917189defcf451ab5bd2e815bc05df244dc291dc2ae63b	https://firefox-settings-attachments.cdn.mozilla.net/main-workspace/translations-models/2f02539c-c552-41ba-8ccc-a2c10372226f.bin
en	sl	2.1	model.ensl.intgemm.alphas.bin	31561787	a34fc5cc2f52733f64e37f8512cf1ddc4723c08a7a1a59d01fc2b6e641fc2280	https://firefox-settings-attachments.cdn.mozilla.net/main-workspace/translations-models/610871e1-4cd4-4100-a755-a95b2d0a9d77.bin
en	sl	2.1	vocab.ensl.spm	803212	7cd295383c46824c05a05db76b543d3595f2516537dd22b77190a45c8919224d	https://firefox-settings-attachments.cdn.mozilla.net/main-workspace/translations-models/9e2de2b5-cfd8-4a7a-bb2b-59300824e168.spm
en	sr	2.0	lex.50.50.ensr.s2t.bin	2542096	b2ae22b4d7bc4295d25b8a55559ebbdbd8f728bc8de5c3d6f110bd44ce7d8962	https://firefox-settings-attachments.cdn.mozilla.net/main-workspace/translations-models/20260522192721--e24992f7-ee9c-4966-9a9e-01f432e76323--7568705b-d3b5-490c-b77f-bca96d59cf48.bin
en	sr	2.0	model.ensr.intgemm.alphas.bin	31561787	d26e1c5a01f917c38ccda17d1bf116024ac4d988105e1bbf70bc5e8f9191c57a	https://firefox-settings-attachments.cdn.mozilla.net/main-workspace/translations-models/20260522192734--a80412e9-fa33-4c4d-9bd8-b3a1f5896acc--78cdbec0-371c-4284-89de-8742beda6c85.bin
en	sr	2.0	vocab.ensr.spm	922599	7f54ba1554b7b1a89299a0ec5950535432f062b50a5f8c9bcd664a2444fa882a	https://firefox-settings-attachments.cdn.mozilla.net/main-workspace/translations-models/20260522192736--6dc4626d-ca16-4fb5-a935-28e13eee3f98--a66e2d92-458c-4afd-9e46-3a64050e0f24.spm
en	sv	1.0	lex.50.50.ensv.s2t.bin	3948180	5761c39887a0e0cd3dd38d22cadc31cecd2a43b0514c4bba96b426736e7fd72d	https://firefox-settings-attachments.cdn.mozilla.net/main-workspace/translations-models/8ef77dbe-f4c7-40ac-ba1c-7bc13492b853.bin
en	sv	1.0	model.ensv.intgemm.alphas.bin	17141051	65ea0db8e658435846f297384face62dbf1804cfc92de8388b0e368e6ecc25a7	https://firefox-settings-attachments.cdn.mozilla.net/main-workspace/translations-models/15a011f5-97aa-4153-acdb-b3235bb27e77.bin
en	sv	1.0	vocab.ensv.spm	793868	ff7e366ff4228107e58d76ca348e7dea2eb325452363d68e0047e97fb483e40e	https://firefox-settings-attachments.cdn.mozilla.net/main-workspace/translations-models/080a36dd-80d7-442e-a682-ffc7c581b979.spm
en	ta	2.0	lex.50.50.enta.s2t.bin	2746824	3a40b2175a114f3ca0ee5501c12e9636ef46f282304b041001f282baf4a5bc6f	https://firefox-settings-attachments.cdn.mozilla.net/main-workspace/translations-models/20260715140524--f9961af7-9710-4cba-a799-a3f08d8ebbaf--68c57263-7c4c-45d7-8668-a429b259b926.bin
en	ta	2.0	model.enta.intgemm.alphas.bin	31561787	83266ea604611756d1c3c358d7bed1fdf79a646c1f701b42c1db501c237c0f3b	https://firefox-settings-attachments.cdn.mozilla.net/main-workspace/translations-models/20260715140532--7019230f-6fcc-43eb-b800-ef36471354ae--0cee705e-78e5-4065-a867-f97fc24c0fea.bin
en	ta	2.0	vocab.enta.spm	1097357	c4fd3cbcec4e7c8a80b7c0656092fb482b9f266b1e8c6cb171f81af394f0f899	https://firefox-settings-attachments.cdn.mozilla.net/main-workspace/translations-models/20260715140526--b4aaebba-4117-45f2-8acd-45a665cb0308--df414eec-8420-499b-94af-efc2a97a648c.spm
en	te	1.0	lex.50.50.ente.s2t.bin	2832156	ea44d146f6b4614586654d91d7b677ee617e2367be2eccd72e81aa0fa359b92c	https://firefox-settings-attachments.cdn.mozilla.net/main-workspace/translations-models/765d3164-3fe7-4a90-add7-358e799097e4.bin
en	te	1.0	model.ente.intgemm.alphas.bin	17141051	a3fee2fcd39df975da28666c536adff60147dce59062fca6097bb42fb2a52500	https://firefox-settings-attachments.cdn.mozilla.net/main-workspace/translations-models/ed071e54-c2ea-4f38-bbcc-1d6908c50b78.bin
en	te	1.0	vocab.ente.spm	1056424	41d0828d103a07e0608c604102ba4418fcb06e82b3742c1abc6d3ec343673e93	https://firefox-settings-attachments.cdn.mozilla.net/main-workspace/translations-models/2856b6b5-b3ef-4032-b2b3-f8923450de91.spm
en	th	2.0	lex.50.50.enth.s2t.bin	3016612	6961ce07f38e6c113a70855706aa7cad4cc828f986d1751c33f14699f885a2e8	https://firefox-settings-attachments.cdn.mozilla.net/main-workspace/translations-models/20260522192813--1deee5a6-eaef-4499-9443-20093491c48e--6300f5fe-62db-4288-8c14-7f1cee1b6a97.bin
en	th	2.0	model.enth.intgemm.alphas.bin	31561787	80e326097655fca75f841130da3338a849aa245374e1616448bcf37b9523a05a	https://firefox-settings-attachments.cdn.mozilla.net/main-workspace/translations-models/20260522192810--5cccab3e-c1fb-4de9-b2a1-607dc2280cb2--f3cb18dc-47f6-4ad8-bede-9319e0e6c88c.bin
en	th	2.0	vocab.enth.spm	993517	5deff7093d558768f8c22406449202e27595f023cc383a2b66beed240ed46443	https://firefox-settings-attachments.cdn.mozilla.net/main-workspace/translations-models/20260522192803--a787bf34-c470-405e-a69c-83fa1f38afe4--bf006223-e68d-4785-b86a-040edbb6a6a4.spm
en	tr	1.0	lex.50.50.entr.s2t.bin	3261300	3aba0be842bd4c192659c781e6fdce8eb9b2b1fff29a40d22f75da369d59f46f	https://firefox-settings-attachments.cdn.mozilla.net/main-workspace/translations-models/ed96fb89-d560-415b-9391-e5dc8edd13fa.bin
en	tr	1.0	model.entr.intgemm.alphas.bin	17141051	ea3cd4ee09de190df265c78d84260e277a9a8a3ddff05eb55d72afe7fc0fdbf4	https://firefox-settings-attachments.cdn.mozilla.net/main-workspace/translations-models/f48948a5-06b1-465b-a0dc-ea1a1a52323d.bin
en	tr	1.0	vocab.entr.spm	798793	a220363d60391f7ce3df8ec9785424dbc00c24d5786d1a4308cf8ca3ed3385c2	https://firefox-settings-attachments.cdn.mozilla.net/main-workspace/translations-models/462a6fc1-0f2d-4b61-ae3f-147bd9f9d588.spm
en	uk	2.2	lex.50.50.enuk.s2t.bin	3054364	dbfd4f8dc95da9c575164f7fc95ef00a2fb5f7d9f51b656559f99eeebdb57c87	https://firefox-settings-attachments.cdn.mozilla.net/main-workspace/translations-models/e7b2fd05-abf2-4e30-a612-59bce8a6702c.bin
en	uk	2.2	model.enuk.intgemm.alphas.bin	31561787	ed8bb4a811e1c45a259e91052080d25e5c8b4e2df0e59cb1521c04a57855ef97	https://firefox-settings-attachments.cdn.mozilla.net/main-workspace/translations-models/6c69578a-1f77-44ce-993d-4d37c81e081e.bin
en	uk	2.2	vocab.enuk.spm	922077	4dd6a91feff71e745395dcc0d52f885848ca0d843d5f70628ca51b3be1b70b45	https://firefox-settings-attachments.cdn.mozilla.net/main-workspace/translations-models/ffea5811-fcfe-486e-8812-6284bd33ee3a.spm
en	ur	2.0	lex.50.50.enur.s2t.bin	3067772	64fb95c1f2c782cc76227b5d3a09e08cb30fea7b14a27aad69b929ad25f24401	https://firefox-settings-attachments.cdn.mozilla.net/main-workspace/translations-models/20260824134610--2e99b5c4-0265-4e75-bc86-10611e9638e4--16ad2691-87c9-4f25-af54-10f6b9177a3c.bin
en	ur	2.0	model.enur.intgemm.alphas.bin	31561787	0c29a5776a42ccb68f7969f41e64c0cd7a16ff00a5bfed0ed2809039febc202e	https://firefox-settings-attachments.cdn.mozilla.net/main-workspace/translations-models/20260824134606--396ed26c-84a7-470d-92d3-88c3bcd03788--887c2b23-bac9-49e1-8904-ddfd223aee5f.bin
en	ur	2.0	vocab.enur.spm	842549	24be4dacbcb080e4dba5cd025fbb90113de346dcb49930520f49fed484ac2d1f	https://firefox-settings-attachments.cdn.mozilla.net/main-workspace/translations-models/20260824134608--9800133e-bfe1-42b7-95ad-b1f0cc530aab--d059795e-dfed-4528-af77-637e840e9a67.spm
en	vi	2.0	lex.50.50.envi.s2t.bin	4597684	18116817fcd3d24dcdfd97cb57e9e60472800dae3b8a007f6f36d61d645f699c	https://firefox-settings-attachments.cdn.mozilla.net/main-workspace/translations-models/20260522192836--32f34bd8-c481-4c26-aad9-eeddaac9cd79--cd40019d-37ce-4a14-8f11-ccddc804e7a2.bin
en	vi	2.0	model.envi.intgemm.alphas.bin	31561787	04fa6044593a404c2aa02b3096f203880852df6f8f41e5eb966ed9f2b4366737	https://firefox-settings-attachments.cdn.mozilla.net/main-workspace/translations-models/20260522192834--e5c737d0-a39d-4bb8-8832-2bcc5ef45e5c--991fc4d6-87c3-476d-b879-ddeff0b6cae0.bin
en	vi	2.0	vocab.envi.spm	785200	76daa9a49e393e50c865c889290e4dc36e9453e5e1ec9df7b9f3bc39ea782537	https://firefox-settings-attachments.cdn.mozilla.net/main-workspace/translations-models/20260522192839--8cf85580-732e-484a-8b75-7417bbef3c69--a5f5c4c0-3c8f-452d-ba95-68948247d1a4.spm
en	zh-Hans	2.2	lex.50.50.enzh.s2t.bin	6506248	4a5e5827788060f1d718a8132b69440929387514a045796e9b77f935db68c055	https://firefox-settings-attachments.cdn.mozilla.net/main-workspace/translations-models/da8fccc0-31df-4665-9703-96d36606e019.bin
en	zh-Hans	2.2	model.enzh.intgemm.alphas.bin	43849787	4e5accc141373565ddc8fa1565bceaa8d0c3482a82cab8131c719ebcc6c2157c	https://firefox-settings-attachments.cdn.mozilla.net/main-workspace/translations-models/a7ff7d5e-e67e-406c-a34b-a7edea35b10e.bin
en	zh-Hans	2.2	srcvocab.enzh.spm	806952	bd9b65504acc6d9726dd281f7defc2adb7c2c22d0688fe2f84697de25197c8c5	https://firefox-settings-attachments.cdn.mozilla.net/main-workspace/translations-models/ea98c52c-58dc-45d5-af23-38f2b029d020.spm
en	zh-Hans	2.2	trgvocab.enzh.spm	772004	aded6993c36e440284d11cec3f6b8aef9c0e43188a772d80be342a713adf223d	https://firefox-settings-attachments.cdn.mozilla.net/main-workspace/translations-models/bddbda68-d4d2-4317-a0a1-119caa47525e.spm
en	zh-Hant	2.0	lex.50.50.enzh.s2t.bin	4057188	d891404d1436a7334df12539fe30a26f9e9f2b80bd42fdb8b5f8849e8a1e942b	https://firefox-settings-attachments.cdn.mozilla.net/main-workspace/translations-models/20260522194159--13a8d548-8d6a-46f6-ab8d-ea19098b7fe8--6cf4bdcb-dbe5-4e2d-af40-a02b440fdcc9.bin
en	zh-Hant	2.0	model.enzh.intgemm.alphas.bin	43849787	559ab90d723a58c1f1e2ab7cc12137bc667af5ba3e325e3eb30b5cdc930db520	https://firefox-settings-attachments.cdn.mozilla.net/main-workspace/translations-models/20260522194155--76d2a34e-7ef2-4829-ac1a-a1319b852dc5--72be7771-db83-4218-bec5-44f021cbf00b.bin
en	zh-Hant	2.0	srcvocab.enzh.spm	803694	2266df70492162a249ab1c0154f929bd6098b246544c666c1a0d5a24dde7d2ea	https://firefox-settings-attachments.cdn.mozilla.net/main-workspace/translations-models/20260522194144--b93467f8-2c0b-43f4-a662-19cae5c7f899--ae44a945-6ed0-44d2-88ac-d4b9c25f6c3a.spm
en	zh-Hant	2.0	trgvocab.enzh.spm	751671	22b91a4436d70b91ab8777c677252ab5fae2bc284d71f977df5206c110e3444c	https://firefox-settings-attachments.cdn.mozilla.net/main-workspace/translations-models/20260522194157--52f509a0-ac8b-48bf-ba9f-0c61a064a00a--85418cc0-208e-440b-ac6f-c56d242ca430.spm
es	en	2.0	lex.50.50.esen.s2t.bin	4636248	e2610211d3b9577d012638fe7e7e74ed7b4b708ce96b9e792e67c282a6492daa	https://firefox-settings-attachments.cdn.mozilla.net/main-workspace/translations-models/a55a9cf2-8a8c-4942-a528-91e93d081746.bin
es	en	2.0	model.esen.intgemm.alphas.bin	31561787	4aed7734152ae0045d1a69ae49c86cfda18f53c61f90e95e1d1de1c7c7c3b033	https://firefox-settings-attachments.cdn.mozilla.net/main-workspace/translations-models/d7256ea9-7731-4f15-866c-62998eef93b9.bin
es	en	2.0	vocab.esen.spm	816054	5ae254fa9b15aa182e70fd2a6186b1333c63a29a48043a9224c6aa4fcac058ad	https://firefox-settings-attachments.cdn.mozilla.net/main-workspace/translations-models/8695cc3d-7897-4c29-808b-bc983a93d1cd.spm
et	en	2.0	lex.50.50.eten.s2t.bin	4625968	ad9750f3b41cb5686e561608271a0dc935fc827bf43226e579a6f48a3f6b5f11	https://firefox-settings-attachments.cdn.mozilla.net/main-workspace/translations-models/d1eac33a-7bc9-4434-83ba-2f4d4b71169e.bin
et	en	2.0	model.eten.intgemm.alphas.bin	31561787	df844b3a6df906b2e0682fb7765694f35b351854db00f964896d9c8c365fbff3	https://firefox-settings-attachments.cdn.mozilla.net/main-workspace/translations-models/db579f73-6a71-45fa-b8a2-4a10592d1708.bin
et	en	2.0	vocab.eten.spm	817574	89a3deea4ae7d674fb46a4dae39135dd4dfaac9786f2868d0b5bc5c0aca2ef83	https://firefox-settings-attachments.cdn.mozilla.net/main-workspace/translations-models/3d6825f2-7be2-4f57-9c75-1d0eeafc7f8c.spm
eu	en	2.1	lex.50.50.euen.s2t.bin	3738856	4be647536631440bdf68c59d3de5720d8e87a482e0493ff41767488b4df1731d	https://firefox-settings-attachments.cdn.mozilla.net/main-workspace/translations-models/20260603154011--3e7cb4af-1362-4b92-8a4d-876af8503aed--25a7b41f-ef0e-401c-a20b-e886c4945547.bin
eu	en	2.1	model.euen.intgemm.alphas.bin	31561787	f0a31e26b381d6340b069da4d505e11d18ac91e42f0189d37ed5fe6aa3685ed4	https://firefox-settings-attachments.cdn.mozilla.net/main-workspace/translations-models/20260603154027--5320f62e-c826-4644-8e01-bec64710822f--6b369bc2-bd90-40a0-a6e2-fc5e58d24a95.bin
eu	en	2.1	vocab.euen.spm	826064	8f0cdff0c5bca8ed24d91c415f428d8b208f4991087723f38c1c28b59896de89	https://firefox-settings-attachments.cdn.mozilla.net/main-workspace/translations-models/20260603154029--7a4d5761-5490-4cff-bf14-83e99165c749--fdb7f0cb-a4de-4501-8c30-e4dda214c491.spm
fa	en	1.0	lex.50.50.faen.s2t.bin	3896420	4828cb060bd4375f8aabb85fed39c18aca52b738838394546f2ddbf707a6f28e	https://firefox-settings-attachments.cdn.mozilla.net/main-workspace/translations-models/7b4ebd8f-771e-4324-86b4-17c6fb7d34fc.bin
fa	en	1.0	model.faen.intgemm.alphas.bin	17141051	aa326306c177e11129de5bfeba518abc499c0b6005492766748a9c9ea6f4c712	https://firefox-settings-attachments.cdn.mozilla.net/main-workspace/translations-models/f4aff749-de66-43df-864e-0593eb932a5a.bin
fa	en	1.0	vocab.faen.spm	843153	bf36943053883d6c0fc98c2985f676a0a37042e796bad0e3df0a813d9d5393f4	https://firefox-settings-attachments.cdn.mozilla.net/main-workspace/translations-models/b6d1420e-9622-4f1f-8997-6731d8a9fd73.spm
fi	en	2.0	lex.50.50.fien.s2t.bin	5195132	8bad431e07b062ba47f363b76e4656cc743fd608316d8a4830a4315e44ac9abb	https://firefox-settings-attachments.cdn.mozilla.net/main-workspace/translations-models/285fa313-3daa-4117-b6fe-4246295fddab.bin
fi	en	2.0	model.fien.intgemm.alphas.bin	31561787	e3887341f18bcc7787d9b59eb1229b56eefce18d49b7ebf1e62c55d65a377321	https://firefox-settings-attachments.cdn.mozilla.net/main-workspace/translations-models/53159619-d082-4a0a-95c3-48b5765bee9b.bin
fi	en	2.0	vocab.fien.spm	818770	6a866911427f2916609ae89c7f2f04a78de3fdd8aa183039ecba986635d4f246	https://firefox-settings-attachments.cdn.mozilla.net/main-workspace/translations-models/473d4127-c4ad-4e55-8263-15be0bb60985.spm
fr	en	2.0	lex.50.50.fren.s2t.bin	4824120	87c6752ea908f5f0347c10ac0cf7d80d9c2f4f20c81c90168f3e8230b56d4440	https://firefox-settings-attachments.cdn.mozilla.net/main-workspace/translations-models/c4d99496-81bf-480f-b0bb-3aebacdcbe8e.bin
fr	en	2.0	model.fren.intgemm.alphas.bin	31561787	15f997bc0d13808b0b0fbd0786e684a3c8a52adcd8071844b76123fdacbf2b90	https://firefox-settings-attachments.cdn.mozilla.net/main-workspace/translations-models/8ef78b1c-df6c-49fc-8cae-cf8c0c2a6630.bin
fr	en	2.0	vocab.fren.spm	814404	783abf3abe075afdf8d85d233994bef2c3a064e935ab1bed946820aff6ac002a	https://firefox-settings-attachments.cdn.mozilla.net/main-workspace/translations-models/11ecb9da-60dd-4b39-aa12-27883099294b.spm
gl	en	2.1	lex.50.50.glen.s2t.bin	4367596	fea6d0e1ea5d5e8e5f7207e4572867fb8f8d8b3f5f983a33067a06b218ab287f	https://firefox-settings-attachments.cdn.mozilla.net/main-workspace/translations-models/20260603153924--06b098f0-ee9c-433c-a08a-1be06e2e94bd--e55fbbc5-18f3-40a2-b7f8-27662b078569.bin
gl	en	2.1	model.glen.intgemm.alphas.bin	31561787	7e8ea0279166c72b0b430327533c643a88f26e80e4a9f9f294244a84213f3e6d	https://firefox-settings-attachments.cdn.mozilla.net/main-workspace/translations-models/20260603153931--1f4f1b9a-7e71-42d8-9c56-81a2054afeb4--213ed8eb-077b-4018-b08a-5c4f229d1680.bin
gl	en	2.1	vocab.glen.spm	827023	5157bf2e08eeac7b98703bf50a14653eab84607bb707a00db81585f61c814a6c	https://firefox-settings-attachments.cdn.mozilla.net/main-workspace/translations-models/20260603153925--0306045a-4e4d-4349-a54b-21746bb9a1a6--beac37c5-ee0d-46e8-96e6-8097aef83613.spm
gu	en	1.0	lex.50.50.guen.s2t.bin	4197836	af01dbec5a1555ddad7c4b19878ecda00e6f9d179ca76a40ab2413de6b081cb0	https://firefox-settings-attachments.cdn.mozilla.net/main-workspace/translations-models/cf25205a-8cdb-4a34-9fab-22f4242a9429.bin
gu	en	1.0	model.guen.intgemm.alphas.bin	17141051	7b16e4e64f2776c73d87db01922c091738566b6a6092a42488cbaee1385cb4ab	https://firefox-settings-attachments.cdn.mozilla.net/main-workspace/translations-models/f91e70e6-4a8e-463d-94da-bcccb60e473b.bin
gu	en	1.0	vocab.guen.spm	965143	6ad2aa442cc04398bd06b4f03a1027939bbfbaac5f87b3d21f667406f4f62704	https://firefox-settings-attachments.cdn.mozilla.net/main-workspace/translations-models/94d4e6e4-acf0-49c7-ac5c-d7fc122f0e62.spm
he	en	1.0	lex.50.50.heen.s2t.bin	4636028	427c88732cb93b28d2a947cace79f62aabceb7d6f4438516e85994b14a73b68e	https://firefox-settings-attachments.cdn.mozilla.net/main-workspace/translations-models/f565a912-e45d-476c-a94d-c69ec0224b25.bin
he	en	1.0	model.heen.intgemm.alphas.bin	17141051	7291cab3ec483b8cf524da96201fe947dca8c550132be21a06badeb946b5c079	https://firefox-settings-attachments.cdn.mozilla.net/main-workspace/translations-models/eb972efb-b367-4196-b695-ff7dc92272a6.bin
he	en	1.0	vocab.heen.spm	845177	45f5d413b9208c5f24340ab0e20a63604a572784d289baa2d788deea946f79a2	https://firefox-settings-attachments.cdn.mozilla.net/main-workspace/translations-models/b8975592-4c98-4b56-8111-83125b8200d1.spm
hi	en	1.0	lex.50.50.hien.s2t.bin	4605984	e789be33dfdb639e98f5cf9eb01aa945ec3c882f68f3c8860389cf846f0112d8	https://firefox-settings-attachments.cdn.mozilla.net/main-workspace/translations-models/d5c8cc93-ccd8-4fc5-9739-1085b6ab25cd.bin
hi	en	1.0	model.hien.intgemm.alphas.bin	17141051	c82fd6ed3794b79fb9dde0718a22324502a408a9eca73497b5d0a4b8024ec6de	https://firefox-settings-attachments.cdn.mozilla.net/main-workspace/translations-models/fe8b6e35-403a-493d-996a-4842e86cf9b7.bin
hi	en	1.0	vocab.hien.spm	925436	9cbc02094ac2ebd75211b3bb6789a9d6fa112ce3c08e897f1645f18b21fbab00	https://firefox-settings-attachments.cdn.mozilla.net/main-workspace/translations-models/ab2371ea-810c-4dcb-bedf-35fb9e07696a.spm
hr	en	1.0	lex.50.50.hren.s2t.bin	3860080	c9ef83603e41f78d41fa601ba9c7196be58518bd964bfe364f325665bc8bc7d0	https://firefox-settings-attachments.cdn.mozilla.net/main-workspace/translations-models/ac72b3bf-3886-4951-bc25-50814d071313.bin
hr	en	1.0	model.hren.intgemm.alphas.bin	17141051	fa6c8220d3f1c41eb75b720859971dbe3acb6bf63691656c58faa4cdc28d918d	https://firefox-settings-attachments.cdn.mozilla.net/main-workspace/translations-models/5fac58c4-3e2f-4bd5-83ed-a79854690eb3.bin
hr	en	1.0	vocab.hren.spm	796159	4e9cc10e8ff4a4ed64fc90b45835385690e55f49b40e8efe471597d2e3a9cd24	https://firefox-settings-attachments.cdn.mozilla.net/main-workspace/translations-models/28050743-d5bd-4407-99f5-8bee12db36fc.spm
hu	en	2.1	lex.50.50.huen.s2t.bin	4847184	9d701f7b9c7472ff0a02154983d67136ef50052b5955fbf32ced0eb8377d235c	https://firefox-settings-attachments.cdn.mozilla.net/main-workspace/translations-models/20260831143508--2f3354f5-989b-496a-8d6b-96d9271675d6--33a0d936-739f-4b6b-a9a0-21d998639efd.bin
hu	en	2.1	model.huen.intgemm.alphas.bin	31561787	477d9ff69eaaf692e9c87b5bad681748f56da2f81b0dd393665c90f5d6f7d55e	https://firefox-settings-attachments.cdn.mozilla.net/main-workspace/translations-models/20260831143505--c63620be-c458-447d-8b75-1058b05837e9--1d4991e8-28d8-461e-bd3c-113346031961.bin
hu	en	2.1	vocab.huen.spm	832895	77f61965a24b93eef9805d32049791b05fdc351ec4b3dfb938995f947390149c	https://firefox-settings-attachments.cdn.mozilla.net/main-workspace/translations-models/20260831143459--515afde6-549a-4d16-832b-8175323fa6aa--125e236b-decd-4454-b58c-6003fdcf2c09.spm
id	en	1.0	lex.50.50.iden.s2t.bin	4050348	7a543087d4e9c1fe2f6b6f735b5e31aeadab80235e734c0388278722042ee3a2	https://firefox-settings-attachments.cdn.mozilla.net/main-workspace/translations-models/b1ef3f20-d635-454f-8936-9d9d9dc52a95.bin
id	en	1.0	model.iden.intgemm.alphas.bin	17141051	eeed3d8c2c78ec7011b31b2419e1d2dfdf2a7cc0ee0dbb1fcd164c934cb5d328	https://firefox-settings-attachments.cdn.mozilla.net/main-workspace/translations-models/411195b7-3320-4390-87b8-47efed847e45.bin
id	en	1.0	vocab.iden.spm	772941	a2dd1462abd17cccbbf3fefc562131f06b293f8ff6a5efad73ebb0176810d835	https://firefox-settings-attachments.cdn.mozilla.net/main-workspace/translations-models/a166d34f-91f1-46aa-bd74-3f0698cade5d.spm
is	en	2.0	lex.50.50.isen.s2t.bin	3951884	0655d05ccaf3cd2a01f910ef542455b7b14e66d96f6c95889079b9ca1ee168cf	https://firefox-settings-attachments.cdn.mozilla.net/main-workspace/translations-models/0248937c-889b-4f94-bd01-b01453ef07a4.bin
is	en	2.0	model.isen.intgemm.alphas.bin	31561787	d2c285755d37f710458f1a49db5391a123e4e41ca7bd9829dd87cc61e4907ee6	https://firefox-settings-attachments.cdn.mozilla.net/main-workspace/translations-models/7f963727-dae3-4004-91b0-6405a29ca2f0.bin
is	en	2.0	vocab.isen.spm	808315	5c69f0c81f6198f5615ac5aad9d89eb81a46ae8ea396a9e8e274a76409d35e13	https://firefox-settings-attachments.cdn.mozilla.net/main-workspace/translations-models/4fa854b5-b9c3-4487-a430-e3237cd51059.spm
it	en	2.0	lex.50.50.iten.s2t.bin	4713616	0700d6d70b30490e68ff9deca0b45b80310745b491855bde3a13e1692d0cbce1	https://firefox-settings-attachments.cdn.mozilla.net/main-workspace/translations-models/122ac310-0f7b-40d5-b49d-bcee81077c85.bin
it	en	2.0	model.iten.intgemm.alphas.bin	31561787	21b70978ce2f3b4da7a06b5de86a09abe3acd30b9eee1b2ebb3582b9bad790bf	https://firefox-settings-attachments.cdn.mozilla.net/main-workspace/translations-models/a6e3de84-6612-4546-a4ef-b658ee23ca08.bin
it	en	2.0	vocab.iten.spm	812724	3ef0211d4ae6db21440892f180f2019fe2bfc110a330ffa9d2eca9665e4f2bc5	https://firefox-settings-attachments.cdn.mozilla.net/main-workspace/translations-models/51b5a437-9daa-481e-a9bc-311f2b3f490c.spm
ja	en	2.1	lex.50.50.jaen.s2t.bin	9348172	525f412f0d210536c2933c78ae395fa0bf2b5ee6cc5dda61ebc2e79410ebaee4	https://firefox-settings-attachments.cdn.mozilla.net/main-workspace/translations-models/4e6b3270-8a2f-491d-b717-f99749328622.bin
ja	en	2.1	model.jaen.intgemm.alphas.bin	43977787	3a603e20bfe1be86071913f9e23ab5129075bc0a8490151020ac4821e4f17302	https://firefox-settings-attachments.cdn.mozilla.net/main-workspace/translations-models/2b066368-11b5-4cee-92e8-e6156b334f80.bin
ja	en	2.1	vocab.jaen.spm	1443222	5cb217758bae05877bb3f0c2f612e4e7c1e4cb03c10db11f4a47098d7ae62919	https://firefox-settings-attachments.cdn.mozilla.net/main-workspace/translations-models/6f4898e3-ebaa-4a79-a1af-93a4f65b96fa.spm
kn	en	1.0	lex.50.50.knen.s2t.bin	4655776	aa50a74f15e9ef8cf27a5b905c17037bd9d67883afde71b34c4138f9507fedfc	https://firefox-settings-attachments.cdn.mozilla.net/main-workspace/translations-models/8aef2927-82d5-4534-8edf-ba4f9906d692.bin
kn	en	1.0	model.knen.intgemm.alphas.bin	17141051	49e8d3bd794b098047f7b177d9d0e6d3e49ac798c2b75bc132149cb46c5bfbfd	https://firefox-settings-attachments.cdn.mozilla.net/main-workspace/translations-models/28129f02-9fcd-48a0-9b19-ec1a6184e6b0.bin
kn	en	1.0	vocab.knen.spm	1065636	d729397a42dba5801f330927a9956527161d6e0711b59fcea7cd2e862e6f36cc	https://firefox-settings-attachments.cdn.mozilla.net/main-workspace/translations-models/0340bd4a-7eae-462a-8593-9f4d7c1321e1.spm
ko	en	2.1	lex.50.50.koen.s2t.bin	8617516	b26291f063ce216a74239275f0485534a38111203e59d42a2a56ba62d6eeb196	https://firefox-settings-attachments.cdn.mozilla.net/main-workspace/translations-models/66a51334-41dd-4f08-bd22-6016035d6904.bin
ko	en	2.1	model.koen.intgemm.alphas.bin	43977787	7cb30cbc0a86e242084756445268a2346136771c92b884d9b4ebb077f67d5507	https://firefox-settings-attachments.cdn.mozilla.net/main-workspace/translations-models/bf6d1f85-351f-4934-934d-8a7b0d118270.bin
ko	en	2.1	vocab.koen.spm	1410063	1c72b740ab793cdc3a8f16913dd6b4e806c77421077dd2d85edeb7be38418598	https://firefox-settings-attachments.cdn.mozilla.net/main-workspace/translations-models/409950da-3a7f-4a0a-bd3e-9f655d7150eb.spm
lt	en	1.0	lex.50.50.lten.s2t.bin	4724124	f687821f4074063031b7857bd61232b4ef520f3cbac5a80d59993b27bf10a032	https://firefox-settings-attachments.cdn.mozilla.net/main-workspace/translations-models/0904ba86-3d64-4fc3-bc0b-89bc13fdcb03.bin
lt	en	1.0	model.lten.intgemm.alphas.bin	17141051	0aa4571ede6f68db2f14d2662875b4d2e6323aeccd75e3b4377ab9072a22db70	https://firefox-settings-attachments.cdn.mozilla.net/main-workspace/translations-models/6f262eca-064a-4e8e-bf19-e781ebed1edf.bin
lt	en	1.0	vocab.lten.spm	807623	df3c6b7e9aa74ab4cce9f4ec73a44aac80be05fcd41ae55198a92c07c5ee3109	https://firefox-settings-attachments.cdn.mozilla.net/main-workspace/translations-models/e2896132-a89e-4668-a9a8-1242a04c7a32.spm
lv	en	1.0	lex.50.50.lven.s2t.bin	4214476	dff852d317f80169899e2e1132277cf922fa7a117b060e09a14dd19c0e1a02b8	https://firefox-settings-attachments.cdn.mozilla.net/main-workspace/translations-models/b6c1f16d-1118-4e74-93c5-74dba239fdbe.bin
lv	en	1.0	model.lven.intgemm.alphas.bin	17141051	7a96dd363ae9b4485aa254ddbff042223a565a20bfe5ba0ba29b94d8ded0406a	https://firefox-settings-attachments.cdn.mozilla.net/main-workspace/translations-models/31ed537d-a1af-41c6-86c1-559a6ca39c3d.bin
lv	en	1.0	vocab.lven.spm	815278	585a265757c071f5694d1bb7e65b73f38b1d065a62cda61510fa6c54fb87d2c9	https://firefox-settings-attachments.cdn.mozilla.net/main-workspace/translations-models/25768d10-79e1-438c-86c9-255a69f42d73.spm
ml	en	1.0	lex.50.50.mlen.s2t.bin	5017972	afb882ad10c9540c12fa105e1e5418a54ec8117f11c4f17d998adf1d445e308c	https://firefox-settings-attachments.cdn.mozilla.net/main-workspace/translations-models/53ebac17-738e-4ba6-afd5-064970cd66df.bin
ml	en	1.0	model.mlen.intgemm.alphas.bin	17141051	5480719a5a8ac43acdf28db1c89a4d60837a475e1120ea0c4e021c4d5b7e6fd6	https://firefox-settings-attachments.cdn.mozilla.net/main-workspace/translations-models/be6246b9-49cf-46a1-92d2-83c7d773c90d.bin
ml	en	1.0	vocab.mlen.spm	1109047	c6b2150c85a18cae437d4e7245ef29d4b3629b2c611fce812d115a59c3b80efe	https://firefox-settings-attachments.cdn.mozilla.net/main-workspace/translations-models/2e851d3f-883f-4d3c-9e7b-227eddea2d83.spm
mr	en	2.0	lex.50.50.mren.s2t.bin	4534544	27e8cb59d07bc1043a4b61ad7e15c2ce7b4c6aedc54cfe02514b4ad606f7c649	https://firefox-settings-attachments.cdn.mozilla.net/main-workspace/translations-models/20260824134652--14e7c8bd-9cf2-4768-93bf-834c3fdc3126--5b789f01-3b95-48df-b621-a531cffd4b4c.bin
mr	en	2.0	model.mren.intgemm.alphas.bin	31561787	7e4ce4102d159b1d0154193859ee36e26232ad6b1bc656fd9de23ebf530d67b0	https://firefox-settings-attachments.cdn.mozilla.net/main-workspace/translations-models/20260824134649--ac45fdc7-c614-4e85-a69a-decb526089e8--7fb67214-6c8b-4429-a8ab-17f7323e09b7.bin
mr	en	2.0	vocab.mren.spm	1009482	1dbe32811a6f1324bfdd9a0e0fd919730044ee79b59f24b3f36f3e07c69a06ed	https://firefox-settings-attachments.cdn.mozilla.net/main-workspace/translations-models/20260824134642--55581873-6baf-4f00-87f8-e87c904e94f9--2477e0db-df20-4ab6-91aa-4df06bc084c1.spm
ms	en	1.0	lex.50.50.msen.s2t.bin	4371896	1ef575be54a310eeace84c52e609f2a8c292f3c4b170376ee6ee3524c0c30316	https://firefox-settings-attachments.cdn.mozilla.net/main-workspace/translations-models/f314012f-a5f4-4b7c-88db-1c037318dfd8.bin
ms	en	1.0	model.msen.intgemm.alphas.bin	17141051	db5c9415591f8a35c5c72046227b9c9398acade5df8afb5e6ac9f11f7d6650d5	https://firefox-settings-attachments.cdn.mozilla.net/main-workspace/translations-models/d15b2c97-ea4c-4ee0-b8de-19550aa55401.bin
ms	en	1.0	vocab.msen.spm	802191	6db8c20803d5f9c9fff2b6c3950f5bda4a9fa14aaef1d92818f8a3d53fd850f9	https://firefox-settings-attachments.cdn.mozilla.net/main-workspace/translations-models/e8f368ab-7594-4357-a0b9-b22e92431d69.spm
nb	en	2.0	lex.50.50.nben.s2t.bin	4517876	cc07976874c905e859918be71d3fe993c9ec8696d986db2418bb1a16ff4ea500	https://firefox-settings-attachments.cdn.mozilla.net/main-workspace/translations-models/20260522193036--b74a4188-2902-4975-a9ca-1727443e2fc1--9fe22488-5d86-4cea-a14f-9d461a2b2ce7.bin
nb	en	2.0	model.nben.intgemm.alphas.bin	17141051	00ab7b969156f6c948be59dad4755e47a24eeb31aa39f02f1de7bce43081cc2a	https://firefox-settings-attachments.cdn.mozilla.net/main-workspace/translations-models/20260522193045--9feb1537-4a06-4fe2-b680-186a24793b29--0963f0ba-1574-4da9-aac8-ae8ae8a3ff3b.bin
nb	en	2.0	vocab.nben.spm	802367	23eb1743070efac5a447f4f72aafda69b1985af272cece85a2f0bb08e6fcdeef	https://firefox-settings-attachments.cdn.mozilla.net/main-workspace/translations-models/20260522193032--70cbb53a-bdad-427b-835f-86aa7bae1ff9--783b30c6-7de5-4b7c-b434-896416277f4e.spm
nl	en	2.0	lex.50.50.nlen.s2t.bin	4862412	811ac8f9dcbd12706e2d73a7057a7bbe6b9f0607d15170ffe9439977e8229b41	https://firefox-settings-attachments.cdn.mozilla.net/main-workspace/translations-models/42bce52f-f0bf-4771-82d9-507af6aed9db.bin
nl	en	2.0	model.nlen.intgemm.alphas.bin	31561787	ff987741ff15a5d94fff16cbef28f2b0a85a6e9547d982fad60ac09d16d11270	https://firefox-settings-attachments.cdn.mozilla.net/main-workspace/translations-models/71841772-36c8-483a-a3a2-4564aa55aa7d.bin
nl	en	2.0	vocab.nlen.spm	807708	c09588ca5662b230ed65bd39a07f58d9f7dd21c3a19e4aeb1bff39bf3b297c56	https://firefox-settings-attachments.cdn.mozilla.net/main-workspace/translations-models/fdbc9d1b-0246-4405-a57f-28fd41b734f7.spm
pl	en	2.0	lex.50.50.plen.s2t.bin	4964208	b295dfefa7022a62e105276e8c39fdfd67bffe588f4fd78583edd4e04ee0cb3b	https://firefox-settings-attachments.cdn.mozilla.net/main-workspace/translations-models/9a072be8-d900-4062-a2ab-c53c8eb8e619.bin
pl	en	2.0	model.plen.intgemm.alphas.bin	31561787	06dbab3baa3bbceab746bc6a3bba807878f38536382c03acddf59d3edf3b5d94	https://firefox-settings-attachments.cdn.mozilla.net/main-workspace/translations-models/dd8a7ab8-b12f-4ad4-8827-0922510df232.bin
pl	en	2.0	vocab.plen.spm	821612	2000f182efa8ce5f69bc3f9e574666b5bc2c0af684eedd32f69d15aa9021ea85	https://firefox-settings-attachments.cdn.mozilla.net/main-workspace/translations-models/47b0f4cd-7d3c-4cf5-b7b4-0aecfbdc51f6.spm
pt	en	2.0	lex.50.50.pten.s2t.bin	4634492	2685d8b6530be92a4db4cc61f15a097eb114552be15cb6c1699e9d2d99d24470	https://firefox-settings-attachments.cdn.mozilla.net/main-workspace/translations-models/3a6531f9-2ab9-4164-852e-29d5242ceeaa.bin
pt	en	2.0	model.pten.intgemm.alphas.bin	31561787	7b854f1ec5a485dd33efd7c1bc01dd7d5a57f566957c5e47722af333f0ce9157	https://firefox-settings-attachments.cdn.mozilla.net/main-workspace/translations-models/6a2cb71f-cf08-431a-a4a2-22e450750408.bin
pt	en	2.0	vocab.pten.spm	816726	d9f46182823d5bbc84201252b2dfcac28f63e561f0ec827ed858f241864c9def	https://firefox-settings-attachments.cdn.mozilla.net/main-workspace/translations-models/9f79e7dc-18ca-4ee7-ad79-2935e46b7d9a.spm
ro	en	1.0	lex.50.50.roen.s2t.bin	4691708	d242745eadff6f345784fccf1d58046061501b28c8190ba5912a9da5f056cd2f	https://firefox-settings-attachments.cdn.mozilla.net/main-workspace/translations-models/6661bfc3-fd0e-47ae-ab65-4c19adaa5ab0.bin
ro	en	1.0	model.roen.intgemm.alphas.bin	17141051	e7542557fc6dbafacddae7b48e67fcdb07bd67b3fb55a76139edf366eca5dbdb	https://firefox-settings-attachments.cdn.mozilla.net/main-workspace/translations-models/5e717d94-7c4e-4fd6-af34-63e3c29682af.bin
ro	en	1.0	vocab.roen.spm	800832	2a690fbcd1b79bc9b99c43d582252720e0900245c82ecc813c8eb05cf063fd0c	https://firefox-settings-attachments.cdn.mozilla.net/main-workspace/translations-models/6cfea415-f0ff-47d7-ac93-5450bc92f0aa.spm
ru	en	2.1	lex.50.50.ruen.s2t.bin	4397908	c944e753f298bbdf6506388de7257fb48cbd12c83e2807e2c284fc323771895b	https://firefox-settings-attachments.cdn.mozilla.net/main-workspace/translations-models/20260901210100--fd808a7b-0081-427d-83a5-7043bdd97a87--215ca362-0436-495d-b89d-542187b696cb.bin
ru	en	2.1	model.ruen.intgemm.alphas.bin	31561787	aa0efa194b3dbd2da129ba0b8db8ef139126cb0914e57072f62061294746f1e2	https://firefox-settings-attachments.cdn.mozilla.net/main-workspace/translations-models/20260901210056--9781ee2a-d15e-4fe8-893d-687193373fff--37b65106-c6cd-4ed2-a28e-3acd72725429.bin
ru	en	2.1	vocab.ruen.spm	952371	de8af5f87e231ee4016cec4bb482e6b584cb1ca34dcb624fc7b8398f25bb35df	https://firefox-settings-attachments.cdn.mozilla.net/main-workspace/translations-models/20260901210058--222363ca-4a98-48a9-9162-65acdffc2572--ba370dc8-709d-42cd-b68c-83b912bd3e38.spm
sk	en	1.0	lex.50.50.sken.s2t.bin	4913324	18577a7ded6b9957c948f2a384683f7ce09def42336c8141eee7ba86b79e2c8e	https://firefox-settings-attachments.cdn.mozilla.net/main-workspace/translations-models/0bd69a2c-39d7-488a-b9e0-38a37a6f9d75.bin
sk	en	1.0	model.sken.intgemm.alphas.bin	17141051	1686f94838ace314719e945606a09a66dafd40847dd3fd352ad3f7a969aac62f	https://firefox-settings-attachments.cdn.mozilla.net/main-workspace/translations-models/280f0757-15d3-48a4-a67f-4af2d3f6c963.bin
sk	en	1.0	vocab.sken.spm	808082	7d25655bd15f34d77db5d2cb96a51c7943c5528f37f83b677a09bb0ea4e4f59b	https://firefox-settings-attachments.cdn.mozilla.net/main-workspace/translations-models/9082a61c-aaf0-4c44-a8df-1388c5d2de5d.spm
sl	en	2.1	lex.50.50.slen.s2t.bin	4320484	f456a49e437ccb4a547e4b51480e29c8b83f11e26a3713af35b078cd4dd255cc	https://firefox-settings-attachments.cdn.mozilla.net/main-workspace/translations-models/fdcff854-c547-423d-bc5a-147e1da06ad0.bin
sl	en	2.1	model.slen.intgemm.alphas.bin	31561787	9d15df58b60048366de4f7b6e727157ffdaea3a0fd1c1759ce232b057e2f991c	https://firefox-settings-attachments.cdn.mozilla.net/main-workspace/translations-models/19d1f495-2dda-4dc1-829a-b463f38624ba.bin
sl	en	2.1	vocab.slen.spm	803078	54ed331d3435e2bdc5b02462180197b77631f466fc0e61897b5469449857dd2b	https://firefox-settings-attachments.cdn.mozilla.net/main-workspace/translations-models/696fd002-1716-48cc-adb8-b9dc5f08c2a7.spm
sq	en	1.0	lex.50.50.sqen.s2t.bin	4256516	b2f51df0bc14b9f89a29d39652a80167ef413eb1579957ecea825cb0a7575c60	https://firefox-settings-attachments.cdn.mozilla.net/main-workspace/translations-models/5b825230-e17e-4749-baf6-b9bbdc0e95c8.bin
sq	en	1.0	model.sqen.intgemm.alphas.bin	17141051	4b0ce319e7c8f7e1836ce18cb6522c83268e8cff54f2a7f5dcef270250a44475	https://firefox-settings-attachments.cdn.mozilla.net/main-workspace/translations-models/73b13241-a205-42fa-8c9d-5b362bf6bc43.bin
sq	en	1.0	vocab.sqen.spm	820200	6b7ce057b54ed983eb47087254ea8673e20a857739fc5b57874c80c3301bb91d	https://firefox-settings-attachments.cdn.mozilla.net/main-workspace/translations-models/2504afd7-d9b1-4a11-85be-2162c0bee6ea.spm
sr	en	1.0	lex.50.50.sren.s2t.bin	4628048	476d9731a1fd44811466abf2292523f11eaad57f0fb7a5cd30391e7720c7071a	https://firefox-settings-attachments.cdn.mozilla.net/main-workspace/translations-models/89668816-671a-41d6-ac59-81b54e34b63f.bin
sr	en	1.0	model.sren.intgemm.alphas.bin	17141051	99c44e9690a7ed2c1f13468765c3b1db2b8a8ae739980e4056d45dca613a1966	https://firefox-settings-attachments.cdn.mozilla.net/main-workspace/translations-models/d3adb13f-87a8-4abc-81ab-af4f77f0f478.bin
sr	en	1.0	vocab.sren.spm	822509	5cdbad076c8f5b11e3342f5011e9f56f22558523ca82aec9bab621ddc7614bdc	https://firefox-settings-attachments.cdn.mozilla.net/main-workspace/translations-models/2e72e9fa-89d3-4961-a491-372c8da0e02a.spm
sv	en	1.0	lex.50.50.sven.s2t.bin	4645680	1c4640765e806d905cdc4f51158f6f869c78709b9e8a43070877965fa13c160e	https://firefox-settings-attachments.cdn.mozilla.net/main-workspace/translations-models/346b91bf-2540-43fa-a7d2-684e02f19252.bin
sv	en	1.0	model.sven.intgemm.alphas.bin	17141051	92d79e2725718b84aed486473bdfcbe6bba3e7094922d4bead8a121cfa346372	https://firefox-settings-attachments.cdn.mozilla.net/main-workspace/translations-models/c9320d7a-0b85-444f-8b8e-4b83ddf86cbb.bin
sv	en	1.0	vocab.sven.spm	793049	93427195fac4125722ed778707478ef78cb77b3fdf1ed5b93bee9fd36e30a8ec	https://firefox-settings-attachments.cdn.mozilla.net/main-workspace/translations-models/60d6442e-ef60-4074-b1b3-330b916d619b.spm
ta	en	2.0	lex.50.50.taen.s2t.bin	4940884	2eb77117d9997984fe700c386126865a6ca951fcfb78b3c29b2921a6a770d63a	https://firefox-settings-attachments.cdn.mozilla.net/main-workspace/translations-models/20260715140619--c8ee9a68-ac2d-4a2f-89c3-8f93c8537f37--4fc5a810-c260-48b6-b93a-2199877eb76f.bin
ta	en	2.0	model.taen.intgemm.alphas.bin	31561787	5413fca6c35cd9c50157df1ebd425d6ca02713bfedc1ba7e5fb3050a437b13b6	https://firefox-settings-attachments.cdn.mozilla.net/main-workspace/translations-models/20260715140617--f0e86729-368b-429c-b36e-c694bff13b11--7d585df8-e009-4b2b-a203-4fb5d6df8967.bin
ta	en	2.0	vocab.taen.spm	1104678	5ce5f840335d9cbbbd76ef160ee2566ebe239d820d66a827996f40dd01467a92	https://firefox-settings-attachments.cdn.mozilla.net/main-workspace/translations-models/20260715140611--dd913371-ad2b-4faf-bd87-6603acbe5b93--863f06ba-b617-4a8e-bf03-23c4c336e750.spm
te	en	1.0	lex.50.50.teen.s2t.bin	4815756	5df84ca17e4cc76a73ef7d93f94f53a89f37a11a456f2b6373ff19c4ce4ef964	https://firefox-settings-attachments.cdn.mozilla.net/main-workspace/translations-models/c704f4f5-2b2d-4874-8022-8046f8962f99.bin
te	en	1.0	model.teen.intgemm.alphas.bin	17141051	e2ec7b13ba6148eba309244ee17dc935f1b71e95bbf57154216f6247877abb7e	https://firefox-settings-attachments.cdn.mozilla.net/main-workspace/translations-models/20200b20-2ee3-4fc4-ae89-52e045ebdad0.bin
te	en	1.0	vocab.teen.spm	1056197	dd57e1d68316ae32f9ba3f77223f317ce39cd1ef72e69e6b06b7c1d1ba954052	https://firefox-settings-attachments.cdn.mozilla.net/main-workspace/translations-models/f06f79ff-a591-47ef-aa99-4ce0dbacc222.spm
th	en	2.0	lex.50.50.then.s2t.bin	4487056	3a7661a7f5c811c83f05f53008083b042fea0334fc6044ca1fda4982a8d48453	https://firefox-settings-attachments.cdn.mozilla.net/main-workspace/translations-models/20260522193112--cc62d282-fc42-4465-b72e-911466f813f2--3bb43596-e613-4553-afc1-ea0cfc1215c0.bin
th	en	2.0	model.then.intgemm.alphas.bin	31561787	f70a501324743668b031bee19cd001a66839e8e5dfc0b4a1c44d5ea99d4e8d66	https://firefox-settings-attachments.cdn.mozilla.net/main-workspace/translations-models/20260522193109--d9494dd9-d382-4b84-b600-1445bbb07847--7bfb305f-f514-4d81-b390-f8bc76b5b461.bin
th	en	2.0	vocab.then.spm	995429	b625d3dcdfa2b4bbec496c9a0a30d169c917464ac5ea75506c0699972fea95f0	https://firefox-settings-attachments.cdn.mozilla.net/main-workspace/translations-models/20260522193057--0dcc1a4a-ca77-43fb-a034-ebc94de8f247--73cdb249-b2b2-44f6-85b4-cd3a2f8c5607.spm
tr	en	1.0	lex.50.50.tren.s2t.bin	4662492	d3374ab5267a73ee1aa1d926a298bd349426835f40856991ee959bc5cd4f9fce	https://firefox-settings-attachments.cdn.mozilla.net/main-workspace/translations-models/0c8e7a90-9172-4987-aab2-ed027e0ff3aa.bin
tr	en	1.0	model.tren.intgemm.alphas.bin	17140836	bd18594ac5a7f1d9997e7ea5bd80272082219cf8b1ce604766e4f207eb86abbf	https://firefox-settings-attachments.cdn.mozilla.net/main-workspace/translations-models/553d0a23-6940-49f5-8b2e-155b08897db7.bin
tr	en	1.0	vocab.tren.spm	811353	ed328e589a3ccd70fd3ce7773fc3c01d8b7b18c687464cacf17fd40a8c0daadd	https://firefox-settings-attachments.cdn.mozilla.net/main-workspace/translations-models/b99302c1-af69-4781-930f-d8dec82b8ec9.spm
uk	en	1.1	lex.50.50.uken.s2t.bin	3914120	32b5e0df493671a223cb5cb32430181cbb7fe6b5562c91dbc3d35410d37e5ff6	https://firefox-settings-attachments.cdn.mozilla.net/main-workspace/translations-models/3e01a41b-9384-4bfc-98b9-031df4f9ee5e.bin
uk	en	1.1	model.uken.intgemm.alphas.bin	17141051	2e7b8bc9d2569d8b4ae244e964cdc343a0aa3735cc83ecb664be84a37cb45f48	https://firefox-settings-attachments.cdn.mozilla.net/main-workspace/translations-models/31e03e41-af47-4de2-9420-f6fd206e0114.bin
uk	en	1.1	vocab.uken.spm	886410	8b51480dfc4ca2d7a08d2bfdaa9e57353ca97e6cf3d5f9aba4c0179d3665bfc0	https://firefox-settings-attachments.cdn.mozilla.net/main-workspace/translations-models/3155c3f0-b486-40f3-bfdd-1b3b734cc171.spm
ur	en	2.1	lex.50.50.uren.s2t.bin	3518528	afe891a57dc54974e322fc30feda41f32b5d7d2697a03bfc649dac5e079ae81e	https://firefox-settings-attachments.cdn.mozilla.net/main-workspace/translations-models/20260831143630--7c19cc5a-014a-49e5-930a-7aeeef0267ec--ce6bd093-a844-4185-9ed9-ebc886ea5317.bin
ur	en	2.1	model.uren.intgemm.alphas.bin	31561787	4915518d1699fb72c390603605d3ead9fb87a8c2f70092089a27df22a7c540d0	https://firefox-settings-attachments.cdn.mozilla.net/main-workspace/translations-models/20260831143636--c80e0e9e-11b8-490e-ac35-885ebd75bf48--44e5d656-3384-4e3e-9705-25c3a93e1e8d.bin
ur	en	2.1	vocab.uren.spm	843115	48304e0f0e30cd69a0d50f0fc61ba6ac2d75f86bab70d7ee59f7af14099e2e28	https://firefox-settings-attachments.cdn.mozilla.net/main-workspace/translations-models/20260831143637--71d7ac59-e756-455f-aaa7-e09b5843a52f--612d91b1-c6fa-4dd1-a4e4-a38aa338e874.spm
vi	en	1.0	lex.50.50.vien.s2t.bin	3910184	3a071ed3d982f6eb6ee116b84067bf70041e4229e43ea65ecb6d7c2796e8851b	https://firefox-settings-attachments.cdn.mozilla.net/main-workspace/translations-models/32d8a39d-acdd-4511-926e-b106875ae125.bin
vi	en	1.0	model.vien.intgemm.alphas.bin	17141051	de4bf2b9ffb4d910e32720ec3a43655fb6f4062ce5219332f824fc1bdca7a5f4	https://firefox-settings-attachments.cdn.mozilla.net/main-workspace/translations-models/ac5d5553-78cd-4b5a-846a-a51c07f148e3.bin
vi	en	1.0	vocab.vien.spm	757250	cb152765d1e71ea3cf96fdb339c764b7201be7b9ab32e20cfebcf16a20fc0939	https://firefox-settings-attachments.cdn.mozilla.net/main-workspace/translations-models/e182522d-4844-453c-81ba-7360522f7c1d.spm
zh-Hans	en	2.1	lex.50.50.zhen.s2t.bin	9219192	8524dd4c93ffd7f0ae7be32f77a7c14fea7cdbbebe34ea6ad0ec368d5ddd8b13	https://firefox-settings-attachments.cdn.mozilla.net/main-workspace/translations-models/ae5f53d2-59ec-4aad-944d-999e50d6a65c.bin
zh-Hans	en	2.1	model.zhen.intgemm.alphas.bin	43977787	5cd149601802fc8a18124a1c1306144dbbedc058630c4ddb2d53aa76fa9c7c06	https://firefox-settings-attachments.cdn.mozilla.net/main-workspace/translations-models/715efbde-c974-4696-981a-83c0c5f82ad5.bin
zh-Hans	en	2.1	vocab.zhen.spm	1359697	dff594318ab7d8b7b60b844ab98ebe6b932ae8045fab15235404c787715965b3	https://firefox-settings-attachments.cdn.mozilla.net/main-workspace/translations-models/17ff5d42-6d4c-42f8-ad3c-b8042b5bafa7.spm
zh-Hant	en	2.0	lex.50.50.zhen.s2t.bin	6385944	aa7daf6cfc85c0cd2c10e2944d66f6da55497c9c6408789f3adfded4074c2fb1	https://firefox-settings-attachments.cdn.mozilla.net/main-workspace/translations-models/20260522194215--6c386193-432a-422f-be5f-3cad0977e52b--a52e4a54-5f80-43ce-b873-1bc792ec1483.bin
zh-Hant	en	2.0	model.zhen.intgemm.alphas.bin	43849787	0aee91790894458f5d367551f6edcd4c9cb97852c34f221bcbf9f4701ebcf0cd	https://firefox-settings-attachments.cdn.mozilla.net/main-workspace/translations-models/20260522194230--6ca6db97-6bce-4110-981f-350e15965675--8323efd2-43e9-4886-9f60-35870d1744ea.bin
zh-Hant	en	2.0	srcvocab.zhen.spm	769669	5cc6a76611dbf86219f109141533606b15ecb34eee83673bb86b2c16b14734db	https://firefox-settings-attachments.cdn.mozilla.net/main-workspace/translations-models/20260522194213--ad6a9ed2-06ed-4c72-b6ba-aa4492bd582f--72fab356-41da-4bd6-a22c-aa5456ba3ea1.spm
zh-Hant	en	2.0	trgvocab.zhen.spm	812572	7bf002db37c10d3b114cc5588d7fdcb16c57d0fd1e2c34354c22cc9f0b6c3c29	https://firefox-settings-attachments.cdn.mozilla.net/main-workspace/translations-models/20260522194217--5e1d7df1-80a8-4142-ae9d-0ff51b8c2fbc--5e39a274-9805-4d87-a950-39b3d95aac93.spm
